idFermata,descrizioneFermata,latitudine,longitudine
03393101,"Viale  O. Flacco, di fronte Civ. 4/A",41.1107,16.8618
06006001,"Via Alberotanza, 5",41.0958,16.8718
05399002,"Via Oberdan INPDAP",41.1177,16.8817
10208101,"Via Delle Orchidee-ex Stanadyne",41.1013,16.7849
05510001,"via Toscanini, 20",41.1029,16.9115
05500101,"via  Suglia, 4",41.1037,16.9128
03462001,"S.P. Carbonara/Modugno BARIDOMANI",41.0883,16.8276
01143103,"Via D'Annunzio svincolo Aereoporto Civil",41.1377,16.7785
01387101,"Via Nicholas Green,54",41.1569,16.7416
10207102,"via Delle Ortensie, di fronte Pimespo",41.109,16.7737
04483001,"Via S. Angelo, 39",41.0656,16.866
05510C00,"Via Toscanini, Edicola (Capolinea)",41.1025,16.9112
03120003,"viale Con. Vaticano II ang.V.Giov.XXIII",41.1068,16.8652
10183003,"via Dei Gerani, di fronte Partner S.p.A",41.1102,16.7847
05273107,"via Gentile ,di fronte al Sacrario",41.1106,16.9047
02150001,"viale De Blasio, ex Radaelli",41.1112,16.7918
04303101,"via Lama Del Duca, di fronte 2/A",41.0736,16.8552
05216104,"Strada detta Della Marina ,di f. al 62/D",41.0952,16.9739
02240006,"Viale Europa ,difronte ex Pirelli",41.1232,16.8042
05489102,"via Scizze, Lido Polizia",41.0929,16.9856
05517101,"via Troisi",41.1053,16.9164
01135002,"Lung.C.Colombo,270",41.1686,16.7389
06162010,"Corso A. De Gasperi, 248",41.1053,16.8716
08129001,"Via  Crispi, slargo M. Pagano",41.1212,16.8496
05216101,"Strada detta Della Marina ,di f. al 22",41.094,16.9836
06249005,"via Fanelli ,206/39",41.0997,16.8803
02123001,"via Corigliano ,ang. Lindemann",41.1225,16.8174
06009006,"via  Amendola deposito FSE",41.1059,16.886
03094C00,"via S. Caterina, capolinea Ipercoop",41.0987,16.829
05105101,"Via  Colella ,ang.Via gentile",41.1084,16.9093
02150005,"viale De Blasio, Manifatt. dei Tabacchi",41.1153,16.8094
09556103,"C.so Vitt.Emanuele-Pal.Fizzarotti",41.1257,16.8635
08329102,"Via Manzoni-P.zza Risorgimento",41.1229,16.861
09173001,"Via De Rossi, civ. 74",41.1233,16.8654
07530C00,"P.zza Eroi del Mare (capolinea)",41.1253,16.8728
05097101,"via  Cav. Di Vitt. Veneto ,  Mercato",41.1081,16.8956
02290001,"Via Granieri, ang. G.Pugliese",41.1264,16.7951
05500004,"Via Suglia, lato inversione",41.1031,16.9161
05500102,"Via Suglia, lato civ 4",41.1037,16.9127
01339004,"Via Macchie, 69",41.147,16.7771
05117005,"Via Complanare Ovest, Borgo S. Lorenzo",41.0824,17.0157
02361101,"Via Saverio Milella",41.1166,16.8033
02234002,"via Don Gnocchi 3/C",41.1306,16.7877
06330001,"via M. C. Di Savoia, difronte Civ 18",41.1136,16.8766
02408002,"Via Pacifico Mazzoni ,ang. Leotta",41.1263,16.8008
03411102,"Viale Pio XII ,25/A",41.1031,16.8595
08561101,"Corso Vitt.Veneto di fronte Caserma GdF",41.1282,16.8586
05432006,"via  Peucetia ,A/6",41.1099,16.8986
02202102,"via Delle Camelie ,di fronte Italutensil",41.1073,16.8015
08378106,"Via Napoli , (distributore TAMOIL)",41.129,16.8351
04513110,"viaTris.Liuzzi,stradetta del Chiancone",41.0616,16.8604
06249004,"via Fanelli ,206/T fronte caserma C.C.",41.0969,16.8821
01143102,"Via D'Annunzio fronte ingr.Aerop.Mil.",41.1407,16.7786
04513001,"via Trisorio Liuzzi, di fronte Enel",41.0514,16.8553
05117002,"Via Complanare  Ovest ,Majesty",41.0982,16.9368
05216103,"Strada detta Della Marina ,di f. al 46/A",41.0949,16.9761
06235101,"viale Einaudi ,Ist. G, Cesare",41.1028,16.8854
08378103,"Via Napoli ,333/O",41.1274,16.8457
02024106,"via B.Buozzi, di fronte vill. lavoratori",41.1077,16.8223
06138102,"Corso Benedetto Croce ,difronte 70/A",41.1151,16.8723
06009107,"via Amendola ,Osp. Giovanni XXIII",41.0994,16.8891
02240007,"Viale Europa Staz. Serv. Fina",41.1236,16.8116
03285107,"via G. Petroni ,91/4",41.1015,16.8671
04540C00,"Via Vaccarella, mercato CAP",41.0737,16.864
05414005,"Via Papalia, lato civ 7",41.1066,16.9039
05118C00,"Via Mimmo Conenna (capolinea)",41.1024,16.9343
01069103,"Via Capitaneo, 32/D",41.1548,16.7614
05060101,"via  Caduti Partigiani, Assi Casa",41.107,16.899
08276102,"Via Giordano, difronte Ingr. Mon. Fiera",41.1377,16.8381
02088001,"via Chartroux ,di fronte Ispa",41.1096,16.8175
04528004,"Via  Umberto 1° ,166",41.0628,16.869
07081C00,"piazza Carabellese ,Madonnella (Capoline",41.1204,16.8789
03270101,"Via Gen. Bellomo - distr.Serv. ERG",41.106,16.8506
04303102,"via Lama Del Duca ,di fronte al 12",41.0715,16.8553
02147C00,"Via De Blasi ,CAPOLINEA",41.1305,16.7975
04159001,"via De Filippo, 1/B",41.0754,16.8546
08084002,"via Caracciolo ,di fronte al 30/A",41.1316,16.8448
08294001,"Lung. IX Maggio ex, Ist. Caracciolo",41.1398,16.8119
02240109,"Viale Europa ,angolo Granieri",41.1271,16.7973
08441101,"Via Quintino Sella ,51",41.124,16.8642
06235005,"Viale Einaudi ,ang. Via Turati",41.1021,16.8825
02240105,"Viale Europa, difronte Distributore Fina",41.1236,16.8118
02200004,"Via delle Margherite, fronte Dalmine",41.1022,16.7932
08378004,"Via  Napoli , ( Casa  di  Riposo)",41.1297,16.8327
06211003,"Viale Della Repubblica ,14/a",41.112,16.8736
10012001,"Via Ancona ang.Via Milella",41.1121,16.7883
07023102,"Via Ballestrero (metrò)",41.1153,16.8976
08294105,"Lung. IX Maggio fronte ex Ist.Caracciolo",41.1398,16.8121
04102001,"Via Ceglie, cimitero",41.056,16.8702
02024006,"Via B. Buozzi, 46/C",41.117,16.8386
08294004,"Lung. IX Maggio 36/E",41.1391,16.818
07288103,"viale Imp. Traiano, 12/a",41.1168,16.8901
06439102,"Via Postiglione fronte 14/D",41.1126,16.8772
06439001,"Via Postiglione, 12/A",41.1128,16.8781
08129105,"Via Crispi, 243/A",41.1208,16.8488
08091001,"Via Casavola, difronte civ. 7/B",41.1345,16.8269
03120101,"viale Concilio Vaticano II ,35/A",41.1047,16.865
02037102,"Via Bonomo, ang. via De Benedictis",41.1307,16.7987
02054101,"via Giaquinto, 6",41.1243,16.7936
01378006,"via Napoli ,114  S.Spirito",41.1629,16.7482
08294006,"Lung. IX Maggio Ang.Via Don C. Franco",41.1377,16.824
08291001,"C.so Italia di fronte al civ.139",41.118,16.8576
04171001,"Via  De Marinis, 9",41.0747,16.8702
02007101,"Via Alessandria, 1",41.1191,16.791
05252101,"via Fenicia, 6",41.0839,17.0018
07099C01,"Corso Cavour , Camera di commercio (cap)",41.1247,16.8724
09357102,"Via Melo, 57",41.1243,16.8712
02048002,"via C. Massa pal. A-B",41.1283,16.7859
05117001,"Via Complanare  Ovest ,87",41.0995,16.9333
04104001,"via Prov. Ceglie Adelfia, Distilleria",41.0433,16.8634
06249003,"via Fanelli , 218 di fronte Green Park",41.0911,16.8837
07324C00,"P.zza L.di Savoia, 7 (Capolinea)",41.1196,16.8739
02150107,"viale De Blasio ,Fincantieri",41.1114,16.7923
03507002," Via Torre Tresca ,8D2",41.0957,16.8479
03094002,"Via Santa Caterina, 32",41.0908,16.8231
05027103,"Via Bari, 31/A",41.0858,16.9953
03285101,"via G. Petroni, 19/C",41.1158,16.8687
04367C00,"via Don Nuzzi (Loseto) ,Capolinea",41.0451,16.8509
02315102,"viale Lindemann, di fronte Amiu",41.1196,16.8153
04513109,"Via Trisorio Liuzzi, fronte civ. 18",41.0787,16.8622
05510002,"via Toscanini, ang. Via Suglia",41.1041,16.9123
05336101,"Via M. Interesse, lato nord",41.0934,16.9593
05114106,"Via Complanare est, dist. Aero. militar",41.082,17.0205
02240103,"Viale Europa, di fronte ex deposito Agip",41.1242,16.8291
08441102,"Via Quintino Sella ,141",41.1215,16.8644
05063C00,"via  Caldarola ,Polivalente (Capolinea)",41.1025,16.91
04513007,"via Trisorio Liuzzi, Osp. di Venere",41.0766,16.8614
06009106,"via Amendola ,197/F Executive Rist",41.1024,16.8877
05118001,"Via Mimmo Conenna",41.1035,16.9326
08294102,"Lung. IX Maggio ,di fronte al civ, 36",41.1382,16.8217
01218102,"Via L. del Turco, 3 - Scuola",41.1521,16.7536
03168002,"via De Laurentis ,14",41.0952,16.8643
05060102,"via Caduti Partigiani, A/44",41.1085,16.8955
02002101,"via Accolti Gil ,Levantauto ",41.1201,16.8122
01384103,"Via Nazionale , villaggio Miglia ",41.1547,16.7708
08156001,"Via De Cristoforis, di fronte Tamoil",41.1241,16.8562
01096102,"str.Catino Enziteto fronte Stadio Comun.",41.153,16.7345
03270002,"via Bellomo ,di fronte al 99",41.0996,16.8455
01143001,"via D'Annunzio, (Carcere Militare)",41.1358,16.7787
02002003,"viale Accolti Gil ,Tabacchificio",41.1201,16.8125
08192101,"corso Della Carboneria, difronte 8",41.1251,16.8513
01096002,"strada  Catino,22-",41.1589,16.7402
05414101,"Via  Papalia ,12",41.1065,16.9042
04162003,"Corso A. De Gasperi, 334",41.0858,16.869
06473001,"Via Salvemini - Case Popolari",41.1068,16.8811
07381102,"lung. N. Sauro, di fronte INPS",41.1206,16.885
05399103,"Via Oberdan, 17/A",41.1177,16.8807
05368101,"Via Morelli e Silvati, 12",41.0848,17.002
05027003,"via Bari di fronte al Civ 17",41.0855,16.9974
06009104,"via Amendola ,Ist. Prov. Dell'Infanzia",41.106,16.886
10205001,"via Delle Magnolie Univ. Agraria",41.1091,16.7554
01378004,"Via Napoli, 178/D",41.1642,16.7427
02057101,"via Cacudi ,di fronte ist Scolastico",41.1291,16.7945
05508001,"Via Torrente Valenzano , di fronte A/17",41.108,16.9002
02024004,"via B. Buozzi ,68",41.1123,16.8298
08546004,"Via Van Westerhout fronte Hotel Pineta",41.1349,16.8312
01310C01,"via della lealtà CAP (61)",41.1486,16.7371
07099003,"C.so Cavour, Camera di Commercio",41.1249,16.8724
05563001,"via dei Trulli ex Rist. Piccadilly",41.0882,17.0034
01052101,"Via Caputo, 21/A",41.1523,16.763
07381003,"Lung N. Sauro, Forestale",41.1194,16.8887
02301102,"Via la Rotella di fronte Conc. Peugeot",41.1233,16.8227
03411101,"viale  Pio XII, ex cotugno",41.1056,16.8598
06447103,"via Re David ,193/R ang. Via Toma",41.1088,16.877
03433104,"Interno Policlinico ex P.S.",41.1128,16.8613
08291002,"C.so Italia ang. Via Eritrea",41.1183,16.8625
08478003,"Strada S. Girolamo, 14",41.1358,16.8229
04528005,"Via  Umberto 1° ,94",41.0643,16.8688
02301001,"via La Rotella, Conc. Peugeot",41.1233,16.8229
05114101,"Via Complanare  Est, 132",41.095,16.9451
08267001,"Piazza Garibaldi ,42",41.1254,16.8629
02150006,"viale De Blasio, di fronte ITALVERNICI",41.1162,16.8126
08276001,"Via Giordano, 22/A",41.1361,16.8349
02240001,"viale Europa di fronte Caserma GdF",41.1339,16.7867
03279002,"via Giovanni XXIII, Carcere minorile",41.1071,16.8682
04513010,"Via Trisorio Liuzzi, civ. 18",41.0789,16.8623
10207001,"via   Delle Ortensie ex Altecna",41.1031,16.7782
02408003,"Via Pacifico Mazzoni ,ang. Ciusa",41.1268,16.8025
08084102,"Via Caracciolo ,ex Scianatico",41.1295,16.8442
02246001,"via F.lli Philips ,di fronte BCE Sud",41.1132,16.8056
05078103,"via Carabellese ,di fronte 36",41.106,16.9061
01135105,"Lung. C. Colombo , di fronte S. Tropez",41.1691,16.7343
04426101,"via Perrone ,11",41.044,16.8503
02564101,"via Zippitelli,di fronte ex graf.Laterza",41.116,16.8223
04513101,"Via Trisorio Liuzzi di fronte Stazion CC",41.081,16.8634
04093101,"via Cascia ,di fronte al 14",41.0674,16.8558
05399001,"Via Oberdan 40/O",41.1177,16.8806
03299001,"via R. Kennedy, difronte 1/E",41.1009,16.8592
01135106,"Lung. C. Colombo - Porticciolo",41.1603,16.7681
07222101,"lung.di Crollalanza,di fronte P.zza Diaz",41.1226,16.8786
01096003,"str.Catino(Q.re S.Pio) Stadio Comun.",41.1532,16.7345
02024003,"via B. Buozzi Concessionaria Mercedes",41.1104,16.8268
05216102,"Strada detta Della Marina ,di f. al 36/A",41.0941,16.979
05489101,"via Scizze P.co Atlantide",41.09,16.988
01378109,"via Napoli 215/A",41.1649,16.7394
08229001,"Via  Di Maratona,  ang. via Mascagni",41.1299,16.838
03237102,"Viale Ennio, difrontre al Civ. 76",41.1135,16.8616
08126105,"via Crisanzio, Ist. Scolastico Civ 185",41.119,16.8559
01259001,"Strada Fontanelle - fronte 7",41.1591,16.7727
01339101,"Via Macchie, 98",41.1469,16.7762
06162107,"Corso Alcide De Gasperi ,421",41.0946,16.8706
08294104,"Lung. IX Maggio ,di fronte al civ. 68",41.1396,16.8143
02242101,"Var.di V.le Europa fronte ex Hettermarks",41.1243,16.8225
01384003,"Via Nazionale Ponte Tangenziale",41.1531,16.7738
09351C01,"Bari, Piazza Giuseppe Massari 12",41.1266,16.8661
02240003,"viale Europa ,ang.Granieri",41.127,16.7973
02002002,"viale Accolti Gil ,di fronte AMGAS",41.1197,16.8096
03075101,"Via Capruzzi di fronte al 236",41.1168,16.8668
03232001,"Via Don Guanella(Hotel)",41.0952,16.8619
03285110,"via G. Petroni ,107",41.0961,16.8675
08561107,"Corso Vitt.Veneto ex parch. Multiservizi",41.128,16.855
08561007,"C.so Vitt.Veneto fronte ex parch.Multise",41.128,16.8551
04285001,"via Giulio Petroni ,132/F",41.0855,16.8652
05342001,"via  Magna Grecia 16",41.1109,16.8911
02206102,"Via delle Mimose di fronte Amenduni",41.1036,16.7894
06235105,"viale Einaudi ,2/A",41.1006,16.8723
08378001,"Via  Napoli  (ex  Casa  Cantoniera)",41.1356,16.8118
01378111,"Via Napoli fronte civ.234/E",41.1661,16.7336
01135104,"Lung. C. Colombo ,Ristorante San Michele",41.1686,16.7388
06061101,"Via Caduti del Lavoro",41.09,16.8995
06499101,"Viale Sturzo, 38",41.107,16.8733
02206101,"Via Delle Mimose di fronte Agrilevante",41.1087,16.7887
03417001,"viale Pasteur ang. Via F. Chieco",41.1114,16.8531
01250101,"Via della felicità civ A/1",41.1469,16.7377
07222002,"lung Di Crollalanza ,P.zza Diaz",41.1226,16.8787
02549001,"Via Veneto, 9",41.1211,16.7896
08441104,"Via Quintino Sella, 209",41.1199,16.8646
10465101,"Str. Prov. 54 Modugno CMP",41.1087,16.7728
10213101,"Via delle Violette fronte TIM",41.1049,16.7673
06249002,"via Fanelli ,224",41.088,16.8844
03285008,"via Giulio Petroni, Carcere Minorile",41.1062,16.8676
02360001,"via Miglionico, di fronte al Civ 4",41.1234,16.7969
07090002,"via Carulli, 99",41.1204,16.8784
08039002,"Via B.Regina fronte civ.138",41.1286,16.8514
03313101,"Via Ruggiero Leoncavallo 35",41.1383,16.8174
03158101,"Via Biagio Grimaldi 11",41.1377,16.8206
03393103,"Viale Orazio Flacco ex Cotugno",41.1059,16.8593
09217003,"Corso De Tullio Castello",41.1289,16.8653
08132001,"Via Crispi ,slargo M. Pagano",41.1212,16.8498
02054001,"via Giaquinto ,angolo Barisano da Trani",41.1243,16.7935
06009003,"via Amendola, 176",41.0997,16.889
05111101,"via Colonna ang. Via della rosa azzurra",41.088,16.9896
09099C01,"Corso Cavour-Caval.  XX Settembre(Capol)",41.1193,16.8727
05273104,"Via Gentile, 52/D",41.1066,16.9149
06244002,"Via Falcone e Borsellino fronte civ.15",41.0995,16.8736
06162006,"Corso A. De Gasperi, 296",41.0978,16.871
03417102,"Viale Pasteur ingr. Carrefour",41.1109,16.8531
01218103,"Via L. del Turco, 1/F",41.1521,16.7578
01201001,"Via delle Azalee ,1/3",41.1588,16.7385
08329105,"Via Manzoni, civ. 169",41.121,16.8612
03285006,"via Giulio Petroni,104/G",41.1015,16.8671
01384002,"Via Nazionale (Palese) Park Hotel",41.1552,16.7698
05342102,"via Magna Grecia ,91",41.1108,16.8911
01339103,"Via Macchie - Chiesa",41.1467,16.7722
05282102,"lung. A. Giovine ,di fronte al 61/2",41.1008,16.9501
02030101,"via Barisano da Trani ,di fronte al 19",41.1256,16.7958
09369C00,"Piazza  Moro ,Capolinea",41.1183,16.8695
08561004,"Corso Vitt. Veneto , anagrafe",41.1286,16.8633
08354001,"C.so Mazzini ,ex capolinea",41.1253,16.8542
02240101,"Viale Europa ,angolo Buozzi",41.1182,16.8396
09357101,"Via Melo, 217",41.1197,16.8717
05282004,"lung A. Giovine, 51",41.1023,16.9465
08454001,"Via Romito ,svincolo tangenziale",41.1383,16.8088
05432103,"Via Peucetia , ang. Magna Grecia",41.1127,16.8935
02543001,"Via Val d'Aosta ,ex capolinea",41.1184,16.788
08504001,"via T.so Fiore ,74",41.1259,16.8477
04528003,"Via  Umberto 1° ,224",41.061,16.8693
02037001,"Via Bonomo, ang. via De Benedictis",41.1307,16.7988
02002102,"via Accolti Gil, Amgas",41.1197,16.8097
03417003," Viale Pasteur, 19",41.1133,16.8529
04513105,"via Trisorio Liuzzi, 111",41.0591,16.8594
06138105,"Corso Benedetto Croce, 199",41.1093,16.8719
04104101,"via Prov. Ceglie - Adelfia ,km 2",41.0434,16.8634
04540002,"Via Vaccarella ang. Trav. Vaccarella",41.0711,16.8637
10205106,"Via Delle Magnolie di fronte ILCA",41.1093,16.7587
01201101,"Via Delle Azalee fronte civ.1/3",41.1588,16.7384
09556C01,"Corso V. Emanuele - Provvisoria",41.1259,16.8674
09146101,"Via Dante Alighieri - Provvisoria",41.1216,16.8621
06439101,"via Postiglione ,Agip",41.1138,16.8804
08561106,"C.so V. Veneto. fronte N.R. GdF",41.1298,16.8507
01011001,"via  G. Ancona, 13 - Coop. Arcob.",41.1514,16.7359
08278007,"Via Napoli, 322/A",41.1276,16.8429
02564102,"via Zippitelli ,di fronteVetr.Barbarossa",41.1094,16.8198
02564002,"Via Zippitelli, vetreria Barbarossa",41.1091,16.8199
06009007,"via  Amendola ang. Via Omodeo",41.1077,16.8852
01251001,"V.le E. Ferrari aeroporto partenze",41.1338,16.7636
05117006,"Via Complanare Ovest, civ. 92",41.0815,17.0222
03321103,"Via Lucarelli (Portici)",41.0932,16.8599
06249105,"Via Fanelli - Caserma C.C.",41.0959,16.8827
06061102,"Via Caduti del Lavoro,2 Oleif.Dentamaro",41.0893,16.8974
04102C00,"Via  Ceglie ,Ist. Agronomico (Capolinea)",41.0517,16.8788
05300101,"Via La Pira ,  4",41.1005,16.9012
02202101,"via Delle Camelie ,di fronte SKF",41.1089,16.7967
05021106,"Via Archimede ang. Via Caldarola",41.1057,16.8994
02202003,"via Delle Camelie ,12  SKF",41.1088,16.7968
06010101,"Complanare di via Amendola, 241",41.0879,16.8947
06193101,"Via della Costituente, 31",41.1042,16.8736
04559001,"Piazza Vitt. Emanuele, 15",41.0643,16.8663
01509101,"Via della tolleranza fronte galleria com",41.1492,16.7359
01310C00,"Via della lealtà cap",41.1487,16.737
01353101,"Via Iqbal Masih fronte scuola",41.1494,16.7389
10213001,"via Delle Violette, TIM",41.1049,16.7671
06006101,"Via Alberotanza, 14",41.0958,16.8717
08003102,"Via Adriatico, ang. Lung. Starita",41.1374,16.8409
07023101,"Bari, Via Anastasio Ballestrero ",41.1157,16.8956
01292101,"Via Indipendenza - Staz. FFSS",41.1513,16.7671
01098101,"Via Catino 48(Q.re S.Pio- Case PT)",41.151,16.7391
05477102,"strada S. Giorgio, 4",41.0933,16.9617
03283101,"piazza G. Cesare ,Policlinico",41.112,16.8625
02255101,"via Ferorelli ,di fronte C.E.D.I.",41.1102,16.8076
04285113,"via G. Petroni di fronte Clinica S.Rita",41.0888,16.8656
09099C02,"Corso Cavour, 209 Cap.",41.1193,16.8727
02210103,"V.le delle Regioni di fronte Don. Milani",41.1217,16.7879
06195C00,"Via della Resistenza, Superm. GS (Capolinea)",41.1054,16.8751
05410001,"Via Palasciano 8",41.1054,16.9216
01135003,"Lung.C.Colombo,246",41.1674,16.744
04513006,"via Trisorio Liuzzi, fronte via Di Cillo",41.0724,16.8616
08192001,"C.so Della Carboneria, difronte civ. 53",41.1251,16.8488
01494101,"Via Spilotros, 8",41.1551,16.7733
03393001,"viale O, Flacco ,ex Centrale del latte",41.1083,16.86
01503101,"Via M.llo Ranieri - fronte 30",41.1548,16.7772
10177001,"Via degli Oleandri di fronte BOSCH",41.1069,16.7852
04162104,"Corso Alcide De Gasperi, 503",41.084,16.869
02150105,"viale De Blasio, MAO",41.1129,16.7978
09289102,"Interno Porto Terminal Crociere",41.1371,16.8669
01087101,"Via Caravella, 13 Catino",41.1595,16.7375
04559101,"Piazza Vitt. Emanuele, 41",41.0641,16.8657
02241101,"Variante di Viale Europa- Euro Motel",41.1243,16.8195
05063006,"Via Caldarola, 13/A",41.1135,16.8868
05063007,"Via Caldarola fronte Chiesa",41.1089,16.893
05063008,"Via Caldarola fronte mercato coperto",41.1078,16.8957
05318003,"Via Loiacono fronte edicola",41.1034,16.9092
05008001,"Via Alpini d'Italia fronte civ. 12",41.1055,16.9193
05008002,"Via Alpini d'Italia ang. via Palasciano",41.105,16.921
05440C00,"Via S.Quasimodo chiesa Avventistica(cap)",41.1064,16.9206
05318104,"Via Loiacono edicola",41.1034,16.9093
05063108,"Via Caldarola mercato coperto",41.1079,16.8955
05063106,"Via Caldarola Scuola dell'infanzia",41.113,16.8875
05063107,"Via Caldarola ang.via dei Bersaglieri",41.1167,16.8832
02327001,"viale Lovri fronte Autolinee STP",41.111,16.8159
03417002,"viale Pasteur ang. Martiri d'Avola",41.1122,16.853
04550102,"via Vitt. Veneto, 67",41.0612,16.8666
05297104,"Viale Japigia, 88/B",41.1148,16.8939
10205002,"via Delle Magnolie ILCA",41.1093,16.7586
03285005,"via Giulio Petroni,104 Compr:Casoria",41.1001,16.8673
02037002,"Via Bonomo ang. Via Costantino",41.1319,16.8031
06138106,"Corso  Benedetto Croce ,267",41.1077,16.8718
03479102,"Via V. Sassanelli, 4",41.1012,16.8353
02057001,"via Cacudi ,Polifunzionale",41.1277,16.7914
06162007,"Corso A. De Gasperi, 278",41.0999,16.8713
06447002,"via Re David ,di fronte 191",41.1101,16.8767
02360002,"via Miglionico, di fronte al Civ 14",41.1253,16.7969
02301002,"Via La Rotella, Ang. V.le Europa",41.1239,16.8252
02150106,"viale De Blasio  ex EXPANSA",41.1127,16.7969
02057102,"via Cacudi ,ang. de Ribera",41.1275,16.7907
03094003,"Via Santa Caterina  svincolo Tangenziale",41.0937,16.8273
08555102,"Via Verdi (Cap.Piscine Comunali)",41.1334,16.8375
05021102,"via Archimede ,10di fronte Bar Tambone",41.1032,16.9047
10207003,"via   Delle Ortensie,33- Pimespo",41.1075,16.7748
01378001,"Via Napoli, 234/E",41.1661,16.7337
08294101,"Lung. IX Maggio ,di fronte E/1",41.1377,16.8241
06306102,"via Lattanzio ,97",41.1149,16.879
06519102,"Via Tupputi, Caserma Vigili del Fuoco",41.092,16.89
06211001,"V.le Della Repubblica, 112",41.108,16.8741
03283C00,"piazza  G. Cesare ,Capolinea",41.1126,16.8622
04320101,"Prov. Loseto-Valenzano, ang. Giacobelli",41.0412,16.8527
05216008,"strada detta Della Marina ,14",41.0937,16.9845
06162003,"C.so A. De Gasperi Scuola Disneyland",41.0917,16.87
01379101,"Via Paul Harris di fronte al civ.5",41.1673,16.7306
02240104,"Viale Europa ,di fronte Coca Cola",41.1242,16.8263
05021101,"Via  Archimede , di fronte Palaflorio",41.102,16.9079
02150102,"viale De Blasio, 11",41.1162,16.8128
03285010,"via Giulio Petroni, 66",41.1089,16.8677
02301101,"via La Rotella di fronte Coca Cola",41.1237,16.8252
08276101,"Via Giordano ,angolo via Adriatico",41.1377,16.8397
05060001,"Via Caduti Partigiani di fronte Civ A/44",41.1083,16.896
10205004,"via Delle Magnolie, Fonderie Battezzati",41.1095,16.7647
03321002,"via Lucarelli ,bar Lucarelli",41.0932,16.86
09099C00,"Corso Cavour ,Petruzzelli (Capolinea)",41.1235,16.8724
07284001,"Via Imbriani, 67",41.1224,16.8756
10207103,"via Delle Ortensie, di fronte OM",41.1074,16.7749
06438002,"Piazzale Pugliese, ang. Venisti",41.0908,16.8902
05477001,"via S. Giorgio, di fronte al Civ. 42",41.0945,16.9618
05216003,"strada detta Della Marina, 62",41.0954,16.9728
02516C00,"Via Troccoli, Capolinea",41.1248,16.7827
09217001,"corso De Tullio -  L.go S.Chiara",41.1313,16.8677
05273004,"Via Gentile, di fronte al 52",41.1066,16.9148
05078003,"via  Carabellese ,4",41.1082,16.9075
08555101,"Via Verdi ,Lido S. Francesco",41.1356,16.834
03237104,"Bari, Viale Ennio fronte Chiesa ",41.1146,16.862
03433101,"Interno Policlinico Amb. Reumatologia",41.1137,16.8589
08354101,"Corso  Mazzini ,di fronte ex capolinea",41.1252,16.8538
05297103,"Viale Japigia, 162",41.1139,16.8963
03484101,"via S. l'Africano ,Villa Bianca",41.1112,16.8645
06244101,"Via Falcone e Borsellino, 9",41.0999,16.8736
04513002,"via Trisorio Liuzzi, di fronte Civ 111",41.0592,16.8595
02424101,"Via G. Pugliese, ang Barisano da trani",41.1261,16.795
05216005,"strada detta Della Marina, 36/A",41.094,16.9791
02024101,"via B. Buozzi ,13",41.1179,16.8409
08378102,"Via Napoli ,329L",41.1273,16.8483
01560002,"Corso Vittorio Emanuele - fronte 23",41.1503,16.7653
03299101,"Via R. Kennedy ,1/E",41.1006,16.8592
05221104,"L.Di Cagno Abbrescia-Parch.Torre Quetta",41.1129,16.9124
09561101,"Corso Vittorio Veneto,di fronte Anagrafe",41.1287,16.8636
10183002,"via Dei Gerani, di fronte Brovedani",41.1101,16.7814
01378009,"Via Napoli, 6/A",41.1602,16.7582
05500002,"via  Suglia ,inversione",41.103,16.9161
06235003,"viale Einaudi ,17/H (autolavaggio)",41.1008,16.8769
04162101,"Corso Alcide De Gasperi, 449/A",41.0898,16.8697
06249101,"via Fanelli , 221",41.1042,16.8789
03348101,"via L. King ,89",41.1007,16.8575
01502101,"Via Tenente Ranieri , 13/A  (Palese)",41.1536,16.7643
06162108,"Corso Alcide De Gasperi ,429/a",41.0925,16.8702
04558102,"Via  Veneto ,Ist Lucarelli",41.068,16.8697
04528102,"Corso Umberto 1° ,157",41.0628,16.869
03321001,"via Lucarelli ,ex Cap. 27",41.0935,16.8549
02048101,"via C.Massa ang. Strada Castelluccio",41.1271,16.7895
06162005,"C.so A. De Gasperi, difronte Villa Sole ",41.0965,16.8708
07099001,"Corso Cavour, 6/A",41.1247,16.8724
06009004,"via Amendola , 164/B - Executive Center",41.1025,16.8876
04093001,"via Cascia ,14",41.0677,16.8557
05500003,"Via Suglia, lato 3/L",41.1036,16.9129
07165001,"Via De Giosa ,50/a",41.1211,16.8738
03298101,"viale Kennedy, 53",41.1008,16.8692
01339002,"Via Macchie, 31/B",41.1466,16.7723
04214101,"Via dello Scoglio Chiesa S. Rita",41.0694,16.8576
01378007,"Via Napoli, 14",41.1617,16.7526
04038001,"Via Bitritto compl.EST-pal.Navarra",41.0764,16.8318
06438101,"piazzale Pugliese ",41.0925,16.8908
01069002,"Via Capitaneo , 71  Palese",41.157,16.7619
05018101,"Via  Appulo, di fronte Civ. 2",41.1043,16.9005
08276003,"Via Giordano ,angolo Adriatico",41.1377,16.8399
02240108,"Viale  Europa ,ang. Pacifico Mazzoni",41.125,16.7984
05297101,"Viale Japigia, 230",41.1117,16.9018
06045102,"via Conte G. Giusso,13bis  ang.R.Bovio",41.0938,16.8862
05252001,"Via Fenicia, ex Capolinea 12/",41.0818,17.0003
04457101,"Via S.Gaspare del Bufalo,Ist.Calamandrei",41.0677,16.8641
06045002,"via Conte Giusso,4/D",41.0938,16.8863
04362101,"Via Minervini, 21",41.0426,16.8515
04367101,"via Mons. Nuzzi, di fronte al Civ. 10",41.0463,16.8507
04528001,"Via  Umberto 1° ,276",41.0578,16.8699
03051001,"Via C. Rosalba- P.co Domingo",41.0922,16.8542
08493001,"Lung. Starita, CUS",41.1354,16.8443
04171102,"Via De Marinis, 62",41.0769,16.8703
05432106,"Via Peucetia ,angolo Via Apulia",41.115,16.8877
05297102,"Viale Japigia, 184",41.1127,16.8992
02200002,"Via Delle Margherite fronte ex Cas. V.F.",41.1031,16.8039
05432001,"Via Peucetia, di fronte mercato",41.1149,16.8879
06009008,"via Amendola, 128/1di fronte Fac.Agraria",41.1104,16.8836
08126102,"via Crisanzio ,93",41.1195,16.8637
02516002,"Via Troccoli Capolinea del 13",41.1248,16.7826
06009101,"via  Amendola ,157",41.1124,16.882
09435101,"Via Piccinni, 9",41.1255,16.8715
06531C00,"V.le Unità d'Italia, 24/C (Capolinea)",41.1161,16.8731
06235104,"viale Einaudi ,2/E",41.1008,16.877
05216001,"strada detta Della Marina ,88",41.0962,16.9668
05432004,"Via  Peucetia ,36/A",41.1127,16.8934
05342002,"Via M. Grecia, di fronte Conad",41.1142,16.8933
03279102,"viale Giovanni XXIII, Ist. Tridente",41.1071,16.8683
09435102,"Via  Piccinni , 105 Comune ",41.1252,16.8675
05063102,"via Caldarola ,30/E",41.1065,16.8988
03285012,"via Giulio Petroni,Caserma Rossani",41.1156,16.8687
02150007,"Viale De Blasio - GTS",41.1163,16.8203
04451001,"Via Roccaporena, ang. via dello Scoglio",41.0691,16.858
01378005,"via Napoli ang. Via Lembo",41.1636,16.7456
06061002,"Via Caduti del Lavoro staz.FSE",41.09,16.8996
02240009,"Viale Europa, ex Dep. Agip",41.1242,16.8294
05297002,"Viale  Japigia ,difronte civ. 184",41.1126,16.8996
06009009,"via Amendola ,di fronte al 157",41.1124,16.882
02408103,"Via Mazzoni ,ang. Candura",41.126,16.7996
03168102,"v.le  De Laurentis,ang.strad.del caffè",41.0987,16.8645
06495001,"via complanare SS 100 ,Rotatoria (ACI)",41.0866,16.8959
05432102,"via Peucetia, PT",41.1118,16.8958
02048001,"via C. Massa case Breda",41.1269,16.7853
06447001,"via Re David ,Fac. Ing.",41.1082,16.8773
03298002,"viale Kennedy ,50",41.101,16.8655
02202001,"via Delle Camelie ,di fronte Metecno",41.1057,16.8047
02200103,"Via delle Margherite Firestone",41.1033,16.7958
02123003,"Via Corigliano di fronte ex Ciapi",41.1231,16.821
04528101,"Corso Umberto 1° ,77",41.0642,16.8688
01135103,"Lung. Cristoforo Colombo ,L'Aragosta",41.1674,16.7451
08358101,"Via Mercadante, difronte civ. 16",41.1343,16.8325
03124103,"Via Cotugno - Centro Riabilitativo",41.1077,16.8531
02024102,"Via B. Buozzi, 29/D",41.117,16.8385
10436001,"Via Piemonte - Cinema",41.1182,16.7882
05144102,"via  D'Avanzo , 8",41.1047,16.9068
01364001,"Via Modugno - ang. Vico XIII",41.148,16.7653
02024105,"via B. Buozzi di fronte via Boggiano",41.1101,16.8262
05399003,"Via Oberdan, 18/A",41.1175,16.8845
06138101,"Corso Benedetto Croce ,Caserma Rossani",41.1166,16.8721
03120002,"viale Concilio Vaticano II ,84",41.1038,16.8653
04171003,"Via De Marinis, 149",41.0791,16.8702
04362001,"Via Minervini di fronte al Civ 21",41.0429,16.8515
06009103,"via Amendola ,ang.Omodeo",41.1079,16.8851
03285001,"Via G.lio Petroni,132/A",41.0905,16.8659
01378107,"via   Napoli, 167",41.1635,16.7458
01529001,"Via Umberto 1° , 8   Santo Spirito",41.1629,16.7514
07511C00,"C.so Trieste-Parcheggio Perif.(Capolinea",41.1167,16.8982
02150104,"viale De Blasio ,angolo Jacobini",41.1145,16.8054
02553001,"Via Vittime Civili di Guerra",41.1258,16.7845
02516107,"Bari, Via Francesco Paolo Troccoli 6",41.1249,16.7831
02516106,"prolung.Via F. Troccoli fronte cab.ENEL",41.1256,16.7803
02458101,"Bari, Via Nicola Rotondo, 3",41.1247,16.7793
02145C00,"Bari, Via E. Dalfino, 4 (capolinea)",41.1243,16.7776
02516101,"via Troccoli, 18/B Coop. Bari 80",41.1275,16.7806
05221004,"Lung. Di Cagno Abbrescia, 27",41.1091,16.9314
03507003," Via Torre Tresca ,6/C",41.0984,16.8482
05027004,"Via Bari, 2",41.0853,16.9984
03321003,"via Lucarelli ,4",41.0931,16.8626
03168004,"viale De Laurentis ,6",41.0985,16.8645
03331001,"Trav. Martiri delle Foibe",41.0954,16.835
03479101,"Via V. Sassanelli, 48",41.0994,16.8378
02024001,"Via  B. Buozzi ,di fronte Garofalo Comb.",41.1063,16.8199
04171101,"Via  De Marinis, 100",41.0792,16.8701
02309002,"Viale  Lazio ,Grattacielo Civ 2",41.1197,16.796
08129004,"via Crispi ,40",41.1246,16.8588
07381001,"Lung.  N. Sauro ,Provincia",41.1215,16.882
02408102,"Via Mazzoni , 10/A ang.Leotta",41.1263,16.8007
02240107,"Viale Europa ,Giudice di Pace",41.1229,16.8016
04550105,"via Vitt. Veneto ,83",41.0543,16.8667
04162001,"Corso A. De Gasperi, 374/A",41.0813,16.8693
04550104,"via Vitt. Veneto ,77",41.0569,16.8674
02240002,"viale Europa ,ang. Via Cacudi",41.1298,16.7955
01384C01,"Via Nazionale - fronte Ipsia - Capolinea",41.1519,16.7764
06249104,"via Fanelli, 269 - Caserma Vitrani",41.0971,16.882
01135001,"Lung.C.Colombo,ang.S.Felis",41.1687,16.735
04550001,"via Veneto ,80",41.0544,16.8667
06244001,"Via Falcone e Borsellino fronte civ.51",41.0968,16.8736
08435001,"Via  Piccinni, 210",41.125,16.8638
08478001,"Strada S. Girolamo, 36",41.1368,16.8165
05318102,"via Loiacono, ang.Pascazio",41.1054,16.9106
02240008,"Viale Europa, Coca Cola",41.1241,16.8266
05450101,"Via Rocca ,  3",41.1026,16.9054
05078001,"via  Carabellese ,38",41.1059,16.906
01378105,"via Napoli, 39",41.1617,16.7525
06162002,"Corso Alcide De Gasperi, 320/B",41.0899,16.8697
03075102,"via Capruzzi ,di fronte al 266/B",41.1167,16.8642
02123002,"via Corigliano ex OTB",41.1228,16.8194
09015002,"Via  A. da Bari, Banca di Roma",41.1237,16.8687
03285112,"via G. Petroni ,Don Guanella",41.0904,16.8658
02057004,"Via Cacudi ang. Via D'Alesio",41.1265,16.7872
02057005,"via Cacudi cab. ENEL",41.1275,16.7906
05273109,"Via Gentile ingr. nuova Sede Regione",41.1071,16.9136
04219002,"via Di Cillo ,Slargo      ",41.0734,16.8571
03094001,"Via S.Caterina di fronte Fayr SpA",41.0895,16.8222
02319101,"Via Lonero , 7",41.1301,16.8011
05258001,"via Fontana Nuova ,ex capolinea",41.0863,17.006
02048003,"Via C.Massa Parco Verde",41.1286,16.7873
09289103,"Interno Porto Stazione Marittima",41.1325,16.8679
02150101,"viale De Blasio ,CNR",41.1161,16.8209
07288101,"Viale Imp. Traiano ,46",41.1162,16.8931
04253002,"Contrada Ferrigni, ang. Lama del Duca",41.0742,16.8552
09099102,"C.so Cavour, 157",41.1211,16.8725
02174001,"via De Ribera ,angolo Delle Regioni",41.123,16.7913
04550103,"via Vitt. Veneto ,75",41.0586,16.8672
08084001,"via Caracciolo ,Mercato Generale",41.1297,16.8442
08129104,"Via Crispi  ang. B. Regina",41.1219,16.8515
04285002,"via Giulio Petroni ,132/bis",41.0875,16.8653
04022C00,"Autostr.BA-TA (Capolinea)",41.0683,16.8302
02363101,"Via Molise, 6",41.1228,16.7954
03279001,"Via Giovanni XXIII distr.serv.ESSO",41.1071,16.864
06235103,"viale Einaudi, 6/A",41.1015,16.8804
05273006,"via Gentile, 63",41.1043,16.921
01339001,"Via Macchie - Vigna del Re",41.1484,16.7705
09099104,"C.so Cavour ang. Via Putignani",41.1237,16.8722
05021105,"Via Archimede,di fronte Edicola",41.1047,16.9008
08333101,"via Martiri d'Otranto ,Redentore",41.1184,16.8554
08546103,"Via Van Westerhout, lido Trampolino",41.1352,16.829
01135102,"Lung. Cristoforo Colombo ,Lido La Rotond",41.1669,16.7465
05432005,"via  Peucetia ,14",41.1114,16.8961
03298103,"Viale Kennedy 83/B",41.1012,16.8615
02141001,"Via D'Alesio C/1 - B/1",41.1274,16.7866
06193102,"Via della Costituente - ang. Einaudi",41.1019,16.8736
02234001,"via Don Gnocchi di fronte E- F- G",41.1298,16.7887
01387002,"Via Nicolas Green, 63",41.1565,16.7404
02150004,"v.le  De Blasio, ang. Via F.lli Philips",41.1145,16.8052
10436101,"Via Piemonte ang. Via Val d'Aosta",41.1182,16.7883
06505C00,"via Torre di Mizzo (Capolinea)",41.0916,16.8991
01387001,"Via Nicolas Green ,17",41.1577,16.7397
08040001,"Via B. Bari ang. Via Nicolai",41.1205,16.8521
10180003,"Via Dei Ciclamini Getrag",41.1068,16.7638
04343001,"Via Nicola Manzari",41.0655,16.8745
04443001,"Via Angelantonio Quaranta, 9",41.0668,16.873
04443002,"Bari, Via Angelantonio Quaranta ",41.0656,16.8721
04284001,"Bari, Via Gorizia",41.0646,16.8735
04249C00,"Fanelli-Madonna delle Grazie (CAP)",41.0776,16.8855
03285002,"Via G.lio Petroni ang.Lucarelli",41.0933,16.8663
08557001,"V.le Vitt. Emanuele Orlando (AQP)",41.1337,16.843
03051C00,"Via C. Rosalba Parco Domingo, Capolinea",41.0923,16.8542
04550002,"via Veneto ,76",41.0568,16.8674
04285103,"Via G.lio Petroni rotatoria L.Ranieri",41.0837,16.8637
02037101,"Via Bonomo difronte Ang. Costantino",41.1319,16.803
06405001,"via Orabona ,Chiesa S. Marcello",41.1075,16.8784
09295101,"Lungomare Imp Augusto, alt S.Scolastica",41.1319,16.8715
09295102,"Lungomare Imp Augusto, arco S.Nicola",41.1308,16.8712
08040101,"Via B. Bari, 102/A",41.1201,16.8521
04162103,"Corso Alcide De Gasperi, 479",41.0861,16.869
02072C00,"Str.Caposcardicchio-Osp.S.Paolo(Capolin)",41.1177,16.781
02408001,"Via Pacifico Mazzoni ,ang. Candura",41.126,16.7996
08561103,"Corso Vittorio Veneto, di fronte AQP",41.1336,16.8446
05063C01,"C.S.Polivalente -Via Caldarola(Capolinea",41.1021,16.9103
01087002,"Viale Caravella-Metrò",41.1617,16.7373
05474002,"via Salapia ,28",41.1112,16.8955
09008101,"Via P. Amedeo, civ. 125",41.1225,16.8669
09351001,"Piazza Massari ,Prefettura",41.1262,16.8668
03298003,"Viale Kennedy,36",41.1008,16.8691
10207105,"Via Delle Ortensie fronte ex Fiat Altecn",41.103,16.7783
08555001,"Via Verdi, 46",41.1351,16.8351
03298001,"viale Kennedy, di fronte civ. 83/B",41.1012,16.8615
01339104,"via Macchie, 56 di fronte Vigna del Re",41.1483,16.7706
06195003,"V.le  Della Resistenza, supermecato GS",41.1058,16.875
01378002,"Via Napoli di fronte str. Priv.Caladoria",41.1655,16.7365
04528103,"Corso Umberto 1° ,243",41.0611,16.8693
02200003,"Via delle Margherite front off.Calabrese",41.1043,16.8106
07222102,"Lung. Di Crollalanza, di fronte G. Bruno",41.1236,16.8766
06162106,"Corso Alcide De Gasperi ,Villa Del Sole",41.0967,16.8709
09351102,"piazza Massari , ex capolinea",41.1268,16.866
03321102,"via Lucarelli  ang. Don Guanella",41.0932,16.862
05144101,"via  D'Avanzo ,40",41.1038,16.9092
05414002,"Via  Papalia , 7",41.1066,16.9039
02287C00,"V.le  Iacobini ,Dep. AMTAB -Capolinea",41.1154,16.8046
08555002,"Via Verdi (Capolinea Piscine Comunali)",41.1333,16.8375
06045003,"via Conte Giusso ang. Via Tupputi",41.0939,16.8896
04162102,"Corso Alcide De Gasperi, 463",41.0881,16.8695
06211104,"Viale della Repubblica, 111",41.1084,16.8741
05216004,"strada detta Della Marina, 44/B",41.0948,16.9771
05114105,"Via Complanare, est",41.0815,17.0239
02240110,"Viale Europa ,angolo Cacudi",41.1299,16.7956
01379002,"Via Paul Harris, lato civ. 5",41.1675,16.7307
01379102,"Via Paul Harris, lato fronte civ. 5",41.1674,16.7307
09217002,"Corso De Tullio fronte ingr. Porto",41.1324,16.8688
01384006,"Via Nazionale lato Ponte Tangenziale",41.1531,16.7738
01384007,"Via Nazionale (Palese) lato fronte IPSIA",41.1518,16.7766
01384106,"Via Nazionale, lato IPSIA",41.1521,16.776
01384107,"Via Nazionale, lato Ponte Tangenziale",41.1531,16.7739
03417005,"Viale Pasteur, Lato Edicola",41.1115,16.8531
03417006,"Viale Pasteur, lato ang. Martiri D'Avola",41.1123,16.853
03417007,"Viale Pasteur, lato civ. 19",41.1133,16.8529
03417106,"Viale Pasteur, lato ingr. Carrefour",41.1108,16.8531
08294106,"Lung. IX Maggio ,fronte cap.linea 5",41.14,16.81
01522101,"Via Udine ,120",41.1661,16.7475
05018001,"via Appulo , 26",41.1025,16.8992
09351101,"piazza Massari , Int. Di Finanza",41.1283,16.8651
03364001,"Via M. Mitolo, fronte civico 13",41.0913,16.8612
01143107,"via D'Annunzio aerop. terminal arrivi",41.1342,16.765
02458001,"Bari, Via Nicola Rotondo, 20",41.1247,16.7792
02112101,"via Columbo  ,Fonderie Meridionali",41.1204,16.8219
05027002,"Via Bari, 16",41.0858,16.9956
05282001,"Lung. A. Giovine, 31/F",41.107,16.9351
06402102,"via Omodeo ,40",41.1064,16.8828
05063101,"via Caldarola di fronte C.S Polivalente",41.1025,16.9102
06162008,"C.so A.De Gasperi, 274",41.102,16.8715
01378103,"Via Napoli,11 S.Spirito",41.1602,16.7582
05060002,"Via Caduti Partigiani di front Assi Casa",41.107,16.8992
04456101,"Via  Roppo ,50",41.066,16.8686
06249102,"via Fanelli ,239   Vigna Laura",41.1018,16.8795
05078002,"via  Carabellese ,10",41.1072,16.9069
08378003,"Via Napoli , di fronte Conc. Autoclub",41.1327,16.8231
08446101,"Via Portoghese fronte mercato Lunedì",41.1305,16.8392
08446001,"Via Portoghese",41.1305,16.8393
03285C00,"Via Giulio Petroni 19/C",41.116,16.8687
03075003,"Via Giuseppe Capruzzi 220",41.1169,16.8681
05482001,"Strada Sant'Anna fronte civ. 4",41.0993,16.9371
05482101,"Bari, Strada Sant'Anna 2/A",41.0992,16.937
07324002,"Piazza L. di Savoia, Chiesa S. Antonio",41.119,16.8742
04219104,"Via Di Cillo, slargo",41.0732,16.8571
03051003,"Via C.Rosalba, 38/A",41.0976,16.8555
01562103,"Via Vitt. Veneto, lato Bar Corner",41.1562,16.7659
07324001,"P.ZA L. di Savoia, Chiesa S. Antonio",41.1196,16.8741
05273005,"via Gentile ,di fronte al 54/C",41.1056,16.9174
04036101,"Via Bitritto, 119 - Cartiera Favia",41.0894,16.838
06531002,"Viale Unita' D'italia ,22/a",41.1161,16.8731
02549102,"Via Veneto, ang. via Alessandria",41.1195,16.7911
03471001,"viale Salandra, 46",41.1132,16.8634
04540102,"via Vaccarella ,Snoopy",41.0716,16.8636
08441103,"Via Quintino Sella ,225",41.1192,16.8647
09295103,"Lungomare Imp Augusto, Fortino",41.129,16.8729
09295104,"Lungomare Imp.Augusto,Piazza Ferrarese",41.1271,16.8725
05105001,"via  Colella, ang. via Gentile",41.1085,16.9094
09350101,"Piazza Federico II di Svevia",41.1288,16.8675
09351003,"Piazza Massari Ang Federico II di Svevia",41.1273,16.8659
09351C00,"P.zza Massari, Prefettura",41.1259,16.8666
09556C00,"C.so V. Emanuele, Teatro Piccinni Cap.",41.1259,16.8674
08267102,"P.zza Garibaldi, chiesa S. Francesco",41.1255,16.8608
05027104,"Via Bari, 35/F",41.0863,16.9923
03168104,"via De Laurentis ,19/21",41.0949,16.8643
03298102,"viale Kennedy, 77",41.101,16.8654
04513104,"viaTris.Liuzzi,95/C fronte rist.Rosa Blu",41.0661,16.8623
05144001,"Via  D'Avanzo ,  3",41.1046,16.9072
05399101,"via Oberdan ,di fronte Sup. De Sandi",41.1171,16.887
07075001,"Estr. Capruzzi 20/A",41.1175,16.8767
10208C00,"Via delle Orchide-Zincomet (Capolinea)",41.101,16.7843
05489002,"Via Scizze di fronte P.co Atlantide",41.0899,16.988
01135101,"Lung. C. Colombo ,di fronte QUI SI GODE",41.164,16.7488
05114104,"Via Complanare Est, 108",41.0989,16.9349
06009105,"via Amendola ,Esso",41.1037,16.8871
04558002,"Via  Veneto ,Ist Diaz",41.071,16.8715
06447101,"via Re David, scuola De Amicis",41.1118,16.8764
08129101,"Via Crispi ,7",41.1251,16.8599
08546101,"Via Van Westerhouth, 40",41.1365,16.8263
04550005,"via Veneto ,32",41.063,16.8662
03420001,"via Pasubio ,180",41.1105,16.8676
08294103,"Lung. IX Maggio ,di fronte al civ. 36/G",41.139,16.8184
05547101,"Via Lorenzo Vitale, 11",41.1029,16.9373
01515001,"1^ Strada torricella civ 7",41.145,16.7383
08378110,"Via Napoli Accesso A",41.1409,16.8027
10177101,"via Degli Oleandri BOSCH",41.1068,16.7853
08561006,"C.so V. Veneto, N. R.  GdF ",41.1299,16.8506
02516004,"Bari, Via F. Paolo Troccoli ex capolinea",41.1249,16.7824
03285103,"via Giulio Petroni, 61",41.1095,16.8677
01251C00,"V.le E. Ferrari Aeroporto Arrivi capolin",41.1343,16.7652
03270104,"Via Gen. Bellomo , 99",41.0995,16.8453
04426001,"via Perrone ,Chiesa",41.0439,16.8503
04513103,"via Trisorio Liuzzi ,angolo Di Cillo",41.0725,16.8616
01502001,"via Ten. Ranieri, 12 (Palese)",41.1537,16.7642
06162101,"Corso Alcide De Gasperi ,Carcere",41.1059,16.8717
08003001,"Via Adriatico ,  ex  Pronto Socc.  CTO",41.1367,16.8435
05318101,"via Loiacono, di fronte  Case Pop.",41.1072,16.9122
05449001,"Via R. Resta",41.0866,17.0034
05489001,"Via Scizze, 12",41.0925,16.9862
08506101,"Strada Tomasicchio, fr. civ. 20",41.1382,16.8161
05474102,"via Salapia ,di fronte al 2/D",41.1092,16.8941
04550101,"via Vitt. Veneto ,29/C",41.0631,16.8662
03417105,"Viale Pasteur, lato clinica La Madonnina",41.114,16.8528
04303001,"via Lama Del Duca ,12",41.0714,16.8553
09015001,"Via A.da Bari-P. Umberto fronte Ateneo ",41.121,16.869
08561001,"Corso Vitt. Veneto ,  AQP",41.1337,16.8446
05282105,"lung. A. Giovine, di fronte 39/B",41.1052,16.9386
02210002,"Viale delle Regioni, 44",41.1231,16.7935
07090101,"Via Carulli ,74",41.1202,16.8753
04540101,"via Vaccarella, Ingr. Principale Ospedal",41.0762,16.8647
01135005,"Lung. C. Colombo Lido Lucciola",41.1692,16.7321
05305001,"Via Lama di Giotta fronte civ.38",41.0879,17.002
01378106,"via Napoli,  Chiesa",41.1627,16.7486
03285011,"via Giulio Petroni,12/M",41.1125,16.8685
04220001,"via Di Venere ,Ospedale",41.0769,16.8634
05349101,"via Masaniello ,Ist. A. d'Aosta",41.1168,16.8864
10183103,"via Dei Gerani ,di fronte PIMESPO",41.1098,16.7747
06009005,"via Amendola ,Caserma Magrone",41.104,16.8869
02240106,"Viale Europa, ex Pirelli",41.1232,16.8043
01388101,"via Nisio, fronte 18/A",41.1528,16.7703
06249108,"via Fanelli, 289",41.0835,16.8866
08352101,"Via P. Mascagni,,12",41.1319,16.8333
10431101,"via Delle Petunie  fronte RTG",41.1021,16.7669
02290101,"Via Granieri",41.1265,16.7952
05117003,"compl Ovest, 113",41.0943,16.947
09556101,"corso Vitt. Emanuele, ang. Via Melo",41.1261,16.8708
01070001,"P.zza Capitaneo - ang. Vitt. Eman.",41.1512,16.7598
02210001,"V.le delle Regioni, 62 "Don Milani"",41.1217,16.788
06009002,"Via Amendola,184/H",41.0967,16.8904
06009010,"via Amendola,106/M PRA",41.1148,16.8801
02174102,"via De Ribera ,ang. Delle Regioni",41.1231,16.7913
03285108,"via G. Petroni, di fronte civ 104",41.1002,16.8673
02048102,"via C. Massa ex edicola",41.1283,16.786
05474101,"via Salapia ,di fronte farmacia",41.1111,16.8955
09556102,"corso Vitt. Emanuele ang. A.da Bari",41.126,16.8689
08378107,"Via Napoli ,di fronte casa di Riposo",41.1299,16.8324
04285102,"Via G.lio Petroni, 129/A",41.0859,16.8652
01143003,"Via D'annunzio 16° Gr. Lav. Aereounatica",41.1463,16.7786
07492103,"C.so Sonnino ,94",41.1195,16.8817
08278006,"Via Napoli, 326",41.1279,16.8389
04455101,"Via Francesco Rubini, tra civ 14 e 16",41.0606,16.8688
03285109,"via G. Petroni ,di fronte al 114/A",41.0983,16.8674
06009109,"via Amendola ,Rist. Balcone d'Europa",41.0942,16.8916
04525001,"Piazza Umberto ,77",41.0735,16.871
01143105,"Via D'Annunzio di fronte al Carcere Mil ",41.1356,16.7788
04513102,"via Tris. Liuzzi -fronte Osp. Di Venere",41.0769,16.8614
08504101,"Via T.so  Fiore ,difronte 74",41.1258,16.8477
05273105,"via Gentile, 52/B",41.1079,16.9117
02200104,"Via delle margherite Dalmine",41.1014,16.7917
10012101,"Via Ancona ang. Via dei Gerani",41.1115,16.7884
04171002,"Via  De Marinis, 113",41.0766,16.8702
09357103,"Via Melo, 143",41.1217,16.8715
05063003,"Via Caldarola, 41/C",41.1067,16.8983
01069003,"Via Capitaneo , 105 Palese",41.1583,16.7623
04132C00,"via Crispi, Capolinea (Loseto) ",41.0426,16.8477
07075101,"Estr. Capruzzi, 9",41.1175,16.8773
05432104,"via Peucetia ,di fronte civ. 44",41.1136,16.8914
04132001,"via Crispi, 21",41.0413,16.8473
03270001,"via Bellomo ,Birra Peroni",41.0975,16.8433
05252C00,"Via Fenicia zona 167 Capolinea",41.0834,17.0016
02240111,"V.le Europa caserma GdF",41.1339,16.787
09289C01,"Interno Porto Varco Dogana (Capolinea)",41.1334,16.8693
08366101,"via Mons. F. Nitti ,51",41.1199,16.8541
06402001,"via  Omodeo, 47",41.1062,16.8824
01096101,"Strada Catino fronte civ.22",41.1589,16.7403
01378101,"Via Napoli, accesso B",41.1431,16.7998
09019002,"Lung. Imp. Augusto fronte Mercato pesce",41.1265,16.8725
09217103,"Lung. Imp. Augusto Fron Arco S. Nicola",41.1305,16.8712
08378005,"Via  Napoli,  (Caserma Briscese)",41.1289,16.8356
05273001,"Via Gentile ,  (Sacrario)",41.1105,16.905
05510003,"Via Toscanini, difronte C10",41.1065,16.9139
03285106,"via G. Petroni ,87/7",41.1038,16.8671
02024107,"via B. Buozzi, Garofalo combustibili ",41.1062,16.8198
02234003,"via Don Gnocchi, 13/D",41.1307,16.7861
01189101,"Via dei Narcisi, 12",41.1602,16.739
05021004,"via  Archimede ,  43",41.1032,16.9046
05273101,"Via Gentile ,Bellavista",41.1029,16.9246
02512101,"Via S. Tramonte Ist. Perotti",41.1283,16.7977
05114103,"Via Complanare  Est, S. Anna",41.0983,16.9364
02150003,"viale De Blasio, TUTTOGELO",41.1134,16.7997
08378009,"Via  Napoli , 304",41.1273,16.8484
03285003,"via Giulio Petroni, Osp.Militare",41.0961,16.8675
05508101,"Via  Torrente Valenzano ,  A/17",41.1081,16.9002
05144002,"Via  D'Avanzo , 9",41.1038,16.9091
05414004,"Via Papalia, lato civ 5",41.1074,16.9019
01143C01,"Via D'Annunzio aerop. term. parten. cap.",41.1339,16.7638
02437101,"Viale Puglia, 8",41.1213,16.7971
01143101,"Via D'Annunzio 16° Gr. Lav. Aereounatica",41.1464,16.7786
02202002,"via Delle Camelie ,Italutensili",41.1073,16.8017
02242001,"Variante di V.le Europa ex Hettermarks",41.1243,16.8229
03364101,"Via M. Mitolo, civ. 13",41.0913,16.8612
10205103,"via Delle Magnolie, di fronte ex Enaip ",41.1096,16.7668
03433105,"Bari,Policlinico uscita O.Flacco",41.1112,16.8618
04513106,"via Trisorio Liuzzi ,Enel",41.0511,16.8552
05060103,"Bari, Via dei Caduti Partigiani 8",41.109,16.8943
08546104,"Via Van Westerhout, civ. 17",41.1355,16.8267
08294002,"Lung. IX Maggio, 68",41.1396,16.8136
05221103,"L.Di Cagno Abbrescia fronte distr.servQ8",41.1114,16.9185
10436002,"Via Piemonte, 24",41.1183,16.7897
05021002,"via  Archimede ,1 Edicola",41.1047,16.9009
08294005,"Lung. IX Maggio Case Pop. Pal. M/2",41.1382,16.8218
04209001,"Via del Monastero, fr. Scuola Manzoni",41.0682,16.8594
06235006,"v.le Einaudi,57 di fronte Ist.G.Cesare",41.1028,16.8853
03484001,"via S. l'Africano ,Ist. Prez. Sangue",41.1111,16.8647
02123102,"via Corigliano di fronte ex OTB",41.1228,16.8193
10183102,"Via dei Gerani - Brovedani",41.1101,16.7817
01340101,"Traversa Via Macchie - fronte 27",41.1485,16.768
08229C00,"via Di Maratona Pisc. Com. ,Capolinea ",41.1334,16.8376
05368001,"Via Morelli e Silvati ang.Via Fenicia",41.0848,17.0022
03168101,"viale  De Laurentis ,3",41.1002,16.8647
02453101,"Piazza Romita, Chiesa",41.1199,16.7959
02024005,"via B. Buozzi ,48",41.1157,16.8355
02516108,"Bari, Via Francesco Paolo Troccoli",41.1272,16.7807
01384104,"Via  Nazionale ASL Palese",41.1582,16.7635
05432101,"Via Peucetia , di fronte Pal. A/6",41.11,16.8984
02363001,"Via Molise, Ang. V.le Delle Regioni",41.1227,16.7954
05169001,"Via  De Liguori ,",41.1085,16.9093
02072101,"Str.Caposcardicchio-Osp.S.Paolo ingr.P.S",41.119,16.7833
08378108,"Via Napoli , Autoclub",41.1326,16.8235
02030001,"Via Barisano da Trani, 19",41.1256,16.7957
02200C00,"Via Delle Margherite-Off.Calabrese(Capol",41.1049,16.8143
01378012,"Via Napoli slargo Imp. Sportivo"De Palo"",41.1476,16.787
03321005,"Via Lucarelli, lato ex Cap. 27",41.0935,16.8549
04488101,"V.le S. Rita, ang. T. Liuzzi",41.0674,16.8621
06009001,"Via Amendola-Autolavaggio",41.0943,16.8916
05243001,"Via Abate Eustasio, 2",41.0953,16.9557
03279101,"viale Giovanni XXIII, 19",41.107,16.8713
02361001,"via Milella ,ang.  Jacobini",41.1166,16.8035
05027101,"via Bari, di fronte al Civ. 2",41.0853,16.9985
01378016,"Via Napoli (accesso A dir Bari)",41.14,16.8038
06249103,"via Fanelli, 253",41.1002,16.88
02315002,"viale Lindemann ,AMIU",41.1195,16.8153
04558101,"Via  Veneto ,63/B",41.071,16.8716
05221002,"Lung. Di Cagno Abbrescia, distr. serv.Q8",41.1114,16.9188
05021003,"via  Archimede, 21",41.1038,16.9031
05282005,"lung A. Giovine, 61/2",41.1008,16.95
07511101,"C.so Trieste, Pane e Pomodoro",41.1175,16.8924
03124101,"Via Cotugno ,1",41.1073,16.8593
04528105,"Corso Umberto 1° ,difronte 276",41.0578,16.8699
08378101,"Via Napoli ,299",41.1272,16.8502
06223001,"via Di Vittorio, 8",41.1072,16.8763
01364003,"Via Modugno - fronte Cimit. Palese",41.143,16.7615
01522102,"Via Udine ,8",41.1636,16.7467
08561002,"C.so Vitt.Veneto parcheggio ex FBN ",41.1287,16.8526
08546102,"Via Van Westerhout, Hotel Mare Pineta",41.1349,16.8313
06235001,"viale Einaudi ,5",41.1006,16.8722
04214001,"via Dello Scoglio,fronte Chiesa S.Rita",41.0694,16.8576
08276002,"Via Giordano ,Ingr. Monumentale Fiera",41.1377,16.838
08561C01,"Corso Vittorio Veneto Parcheggio ex FBN",41.1288,16.8523
02048004,"Via C.Massa ang. De Ribera",41.1271,16.7895
06438001,"piazzale Pugliese ,Edicola",41.092,16.8908
05432003,"Via  Peucetia , 38",41.1134,16.8918
03507004," Via Torre Tresca ,di fronte alla Chiesa",41.1016,16.849
02210102,"via Delle Regioni, di fronte al Civ 44",41.1231,16.7934
09153001,"Via De Cesare-Piazza Moro fronte civ.56",41.1189,16.8692
05243101,"via Abate Eustasio, di fronte al Civ 2",41.0953,16.9556
03120001,"viale Concilio Vaticano II ,136",41.1021,16.8648
08294003,"Lung. IX Maggio, capolinea linea 5",41.14,16.8096
06009110,"via Amendola ,svincolo tang.",41.091,16.8932
05252002,"Via Fenicia, angolo via Bari",41.0843,17.0005
08378104,"via Napoli ,  di fronte 322/a",41.1276,16.8433
08129002,"Via  Crispi, 184",41.1224,16.8529
02564103,"via Zippitelli ang. B Buozzi",41.1082,16.8227
05414001,"Via Papalia, 5",41.1074,16.9019
01143106,"Via D'Annunzio fronte Centro Perm. Temp.",41.1438,16.7786
03094004,"Via S. Caterina, fronte P.zza Italia",41.0989,16.8303
05078102,"via Carabellese ,di fronte 10",41.1073,16.9069
02048104,"via C. Massa ang. via Troccoli",41.1269,16.7834
03285004,"via Giulio Petroni ,114",41.0986,16.8674
06235004,"Viale Einaudi ,25",41.1015,16.8804
07081101,"Piazza  Carabellese, Madonnella",41.1204,16.8788
05282002,"lung A. Giovine, 39/B",41.1053,16.9385
06249008,"via  Fanelli, 206/23",41.1033,16.8791
01098001,"Via Catino 48 (Mercato) Q.re S.Pio",41.1468,16.7366
06438102,"Piazzale Pugliese fronte Chiesa",41.0907,16.8902
05500001,"via  Suglia ,3/L",41.1036,16.913
05336001,"Via M. Interesse, lato sud",41.0933,16.9594
05510103,"via  Toscanini, ang. caldarola",41.1026,16.9113
09556001,"corso Vitt. Emanuele ang. Via Sparano",41.126,16.8688
07288102,"Viale Imp. Traiano ,10",41.1169,16.8897
08378007,"Via  Napoli ,  322/a Genio militare",41.1276,16.843
01339102,"Via Macchie ist. Scolastico",41.146,16.7751
03270003," Via Gen.Bellomo,fronte Clin.Torrebella",41.1057,16.8505
02516001,"via Troccoli , di fronte al 12/D",41.1257,16.7812
01226002,"Via  Diaz  ,8  Edicola",41.1531,16.7676
03507001," Via Torre Tresca ,64",41.0899,16.8453
01069102,"Via Capitaneo, 38",41.1562,16.762
01384005,"via Nazionale accesso D direz. Bari",41.1502,16.7803
05118101,"Via Mimmo Conenna",41.1044,16.9324
06045001,"via Conte Giusso, 12/C",41.0938,16.8844
10201001,"Via delle Azalee - Consorzio Agrario",41.1059,16.7673
06138103,"Corso Benedetto Croce ,93/a",41.1124,16.8721
06010001,"Complanare di via Amendola, 196",41.0881,16.8946
06531101,"V.le Unità D'Italia, 55",41.1156,16.8732
04525102,"Piazza Umberto ,64",41.0734,16.8704
10204102,"Via delle Dalie Consorzio ASI",41.1005,16.767
10181001,"Via dei Gladioli fronte Cinofili CC",41.0982,16.7714
02112001,"via   Columbo ,Fonderie Meridionali",41.1205,16.8221
06330101,"Via M. C. di Savoia, 22",41.1137,16.8768
06447003,"via Re David ,178/C",41.1118,16.8764
05297001,"Viale  Japigia ,97",41.1139,16.8962
05111001,"via Colonna, 16",41.0881,16.9895
08192002,"C.so Della Carboneria, 8",41.1251,16.8513
05273002,"Via Gentile ,  47/a",41.1092,16.9083
10205104,"via Delle Magnolie,fronte Fond.Battezzat",41.1095,16.7645
04513008,"via Trisorio Liuzzi, stazione CC",41.0815,16.8637
10180101,"Via dei Ciclamini di fronte Getrag",41.1068,16.7617
06045103,"via Conte G.Giusso, 19 ",41.0938,16.8843
05563002,"Via dei Trulli, 25",41.087,17.0052
02150002,"viale De Blasio, Centrale ENEL",41.1125,16.7963
06186003,"Via dei Mille, 180",41.1143,16.8784
05297003,"Viale  Japigia, Concessionaria SEAT",41.1118,16.9017
04102101,"Via  Ceglie, 52",41.0544,16.8733
06061001,"Via Caduti del Lavoro ang. str.Crocifisso",41.0893,16.8976
06195002,"Viale  Della Resistenza, 160",41.1028,16.8758
04159002,"via De Filippo ,di fronte Palestra",41.0755,16.8571
01378011,"via Napoli  Accesso B direzione Bari",41.1433,16.7996
05510101,"Via  Toscanini ang. Via Gentile",41.106,16.9136
07222001,"lung Di Crollalanza, Largo G. Bruno",41.1237,16.8764
04367001,"via Mons. Nuzzi ,10",41.0464,16.8507
04253101,"Contrada Ferrigni",41.0742,16.8551
08546001,"Via  Van Westerhouth, 20/o",41.1356,16.8261
02200102,"Via delle Margher. ex Cas. Vig. del fuoc",41.1031,16.8041
02202103,"via Delle Camelie ,Metecno",41.1058,16.8046
07222003,"L.re Di Crollalanza, p.zza Eroi del Mare",41.1251,16.8739
03285007,"via Giulio Petroni 102",41.1038,16.8671
05318001,"Via Loiacono di fronte Via Pascazio",41.1055,16.9107
02123101,"via   Corigliano ,ex Ciapi",41.123,16.8209
01233101,"Viale Europa Parco dei Principi",41.1332,16.779
03393102,"Viale  O. Flacco, difronte Civ. 22",41.1086,16.8601
02453001,"Piazzale Romita ,2",41.1206,16.7984
01011101,"Via G.Ancona(Q.re S.Pio)- fronte Case PT",41.1516,16.7386
03411002,"Viale Pio XII ,di fronte ex Cotugno",41.1055,16.8598
03227101,"Viale S. Dioguardi fron str. del Caffè",41.0963,16.8629
03227001,"Viale S. Dioguardi ang str. del Caffè",41.0963,16.8621
08546003,"Via Van Westerhouth ,18",41.1352,16.829
10181101,"via Dei Gladioli, nucleo Cinofili CC",41.0981,16.7715
03270102,"Via gen.Bellomo -Casa di Cura Torrebella",41.1058,16.8505
05018002,"via Appulo  ,2",41.1041,16.9003
03285009,"via Giulio Petroni  ang. Giov.XXIII",41.1073,16.8677
04093002,"Via Cascia,ang. Via Roccaporena",41.0702,16.8555
04483101,"via S. Angelo, 24 (Ceglie)",41.0657,16.8659
02309001,"Viale Lazio ,12",41.1195,16.7916
01506101,"Via Titolo, 20",41.1596,16.7628
05399102,"Via Oberdan di fronte al Civ 22/A",41.1175,16.8841
05021103,"via Archimede, ex Capolinea 2",41.1035,16.9034
02315101,"viale Lindemann di fronte ex dep. AMTAB",41.1217,16.8162
01143004,"Viale G. D'Annunzio (C.P.T. Centro Perm. Temp.)",41.144,16.7786
03490001,"Sottovia di Via Q.Sella",41.1171,16.8626
10183001,"via Dei Gerani ,angolo Delle Ortensie",41.1098,16.7741
03168005,"viale De Laurentis ,4",41.1003,16.8647
08561102,"Corso Vitt. Veneto, ang. B. Regina",41.1287,16.8527
01384101,"Via Nazionale IPSIA",41.1521,16.7759
05060003,"Via dei Caduti Partigiani fronte civ. 8",41.109,16.8943
07434101,"Piazza Carlo Poerio",41.1172,16.8882
06162104,"Corso Alcide De Gasperi ,393",41.1,16.8713
09369C01,"PIAZZA MORO ,CAPOLINEA",41.1184,16.8697
06138104,"Corso Benedetto Croce ,141",41.1108,16.872
03124102,"Via Cotugno, 15 dep. PT",41.1076,16.8574
10177C00,"Via Degli Oleandri-Bosch (Capolinea)",41.1068,16.7852
02123103,"Via Corigliano ang. Lindemann",41.1225,16.8175
05410101,"Via Palasciano di fronte al civ.8",41.1054,16.9216
02174002,"via De Ribera di fronte al Civ 6",41.1251,16.7915
06473101,"Via Salvemini, 2 - Case Popolari",41.1067,16.8812
06447102,"via Re David, 191/A",41.1103,16.8767
06402101,"via Omodeo ,di fronte 69",41.1071,16.8844
06499001,"Via  Sturzo ,19",41.107,16.8725
10204001,"Via delle Dalie ASI",41.1005,16.7669
02024002,"via B. Buozzi ,96 Vill.Lavoratori",41.1078,16.8224
05450002,"Via Rocca ,di fronte civ. 5",41.1023,16.9053
01096001,"strada Catino -  Cimitero",41.1558,16.7357
06186002,"via Dei Mille ,20/A",41.1171,16.8761
10207104,"Via Delle Ortensie OSRAM",41.1057,16.7762
03328101,"Via Matarrese,ang. E.Caccuri",41.0978,16.8543
10466001,"Str.Prov.Modugno NUOVO PIGNONE",41.0992,16.8081
10466102,"Str.Prov.Modugno di fronte N.PIGNONE",41.0994,16.8086
10466101,"Str.Prov.Modugno di fronte ALCO",41.1007,16.8108
10466003,"Str. Prov. Ba-Modugno Graziano trasmissi",41.1031,16.8148
02057103,"Via Cacudi, ang. Via Castelluccio",41.1271,16.7893
09317101,"Corso Antonio De Tullio, ingr. Porto",41.1321,16.8684
09217102,"Corso De Tullio fronte ex Casa di Riposo",41.1313,16.8677
01378008,"Via Napoli, 6/B",41.1608,16.756
06009102,"via Amendola ,165/A Fac. di Agraria",41.1101,16.8839
01098105,"Via Catino 48(Q.re S.Pio) fronte Mercato",41.1468,16.7365
02065001,"via Candura, fronte civ. 42",41.1277,16.8035
04093102,"Via Cascia, 16 ang. via Roccaporena",41.0696,16.8556
07492102,"C.so Sonnino ,140/B",41.1185,16.8844
05021001,"via  Archimede, Ang. Via Caldarola",41.1054,16.8993
01384004,"Via Nazionale (Palese)  di fronte IPSIA",41.1518,16.7765
08354002,"C.so Mazzini - Ist. Bianchi Dottula",41.1253,16.8558
08478004,"Strada San Girolamo fr civ. 53",41.1373,16.8141
08478103,"Strada San Girolamo 87/89",41.1374,16.8131
08380101,"Complanare Via Napoli 373",41.1364,16.8114
09126101," Via Crisanzio, Ateneo",41.1198,16.868
05432105,"via Peucetia , di fronte Chiesa S. Franc",41.1141,16.8899
09099103,"C.so Cavour, 209",41.1194,16.8727
02564003,"Via Zippitelli, ex grafica Laterza",41.1161,16.8224
10205005,"Via Delle Magnolie, ex Enaip",41.1096,16.7666
08448101,"Via Respighi ,Pineta S. Francesco",41.1329,16.8299
05018102,"Via  Appulo ,33",41.1027,16.8994
10208001,"Via Delle Orchidee ZINCOMET",41.101,16.7841
04285101,"Via G.lio Petroni fronte Clin.S.Rita",41.0887,16.8656
03471002,"viale Salandra, 14/A",41.1151,16.8641
06405101,"via Orabona ,di fronte Chiesa S. Marcell",41.1075,16.8783
02360102,"via Miglionico ,2",41.1235,16.7969
05273106,"via Gentile ,di fronte al 47/A",41.1094,16.9079
06327001,"via Sturzo ,19",41.107,16.8724
01378110,"via   Napoli ang.str.priv.Caladoria",41.1655,16.7366
09369101,"piazza Moro ,angolo De Cesare",41.1187,16.8695
01142002,"Via  Duca D'Aosta , 39/C",41.1554,16.7687
04219101,"via Di Cillo ,difronte al supermercato",41.0736,16.8589
06162009,"Corso A. De Gasperi, 270/A",41.1037,16.8716
06162102,"Corso Alcide De Gasperi ,345",41.1039,16.8716
09435002,"Via  Piccinni, 8",41.1255,16.8716
03094101,"Via S. Caterina, fronte ipermercato",41.099,16.8302
07225001,"Piazza Diaz, 12",41.1224,16.8783
04562101,"via Zaccaria, (rotatoria)",41.0459,16.8526
02210003,"Viale delle Regioni Staz.Serv. FINA",41.1231,16.7989
02315003,"viale Lindemann ,ex Dep. Amtab",41.1216,16.8161
02088002,"via Chartroux ,di fronte Calcestruzzi",41.1118,16.8179
02240010,"Viale Europa, di fronte Liquigas ",41.1225,16.8347
09291001,"corso Italia ,82",41.1185,16.8662
02512001,"Via S.Tramonte-di fronte Ist. Perotti",41.1283,16.7978
08557101,"V.le Vitt.Emanuele Orlando di fronte AQP",41.1339,16.8431
06519001,"via Tupputi di fronte al civ.6",41.0937,16.8902
08129003,"via Crispi ,Tribunale",41.1236,16.8561
05216006,"strada detta Della Marina, 22/A",41.094,16.9835
05510102,"via Toscanini, difronte Via Suglia",41.1043,16.9124
10205006,"Via Delle Magnolie PT",41.1097,16.7694
08126101,"via Crisanzio ,Ateneo",41.1198,16.8679
08490103,"Via Q.no Sella, 225",41.1191,16.8647
02549101,"Via  Veneto ,10",41.121,16.7896
06531102,"Viale Unità d'Italia, ang. via A. Volta",41.1147,16.8733
01378102,"Via Napoli, accesso C",41.1466,16.7904
03075001,"Via Capruzzi, 236",41.1168,16.8667
02315001,"viale Lindeman di fronte Mastrandrea",41.107,16.8089
05273003,"via  Gentile , 53/a1",41.108,16.9115
06402002,"via  Omodeo, 67",41.1071,16.8844
03411001,"Viale  Pio XII, 48",41.1028,16.8594
06162105,"Corso Alcide De Gasperi ,Cancello Rotto",41.098,16.871
05121101,"via Coppa di Bari, cimitero",41.0824,17.0045
06306101,"via Lattanzio ,79",41.1157,16.8783
01515104,"Sesta str Torricella ang Pozzo Martino",41.147,16.7422
01455101,"Via Vito Rosa ang Via Castellucci L.",41.146,16.7417
04316001,"Via Rosario Livatino, 3",41.0808,16.8616
04218001,"Via Geremia D'Erasmo, 16",41.0809,16.868
01562104,"Via Vitt. Veneto, civ. 8",41.1551,16.7655
01562102,"Via Vitt. Veneto, civ. 12",41.1552,16.7655
09217101,"Corso De Tullio ingr.Porto",41.1323,16.8687
09146102,"Bari, Via Dante Alighieri",41.1218,16.8652
03475101,"Via S. Giorgio Martire, 2/E",41.1167,16.8498
03101101,"Via Cifarelli, 34",41.117,16.8533
03101102,"Via Cifarelli, 26 (Conservatorio)",41.1163,16.8573
01562101,"Via Vitt. Veneto (Palese) ,Bar Corner",41.1561,16.7659
07492101,"C.so Sonnino ,158",41.1178,16.8861
08156002,"Via De Cristoforis ,29",41.1251,16.8561
06162001,"Corso Alcide De Gasperi 326/b",41.0877,16.8694
05440001,"Via S. Quasimodo, 13",41.106,16.9193
04540001,"via Vaccarella ,Mulino",41.0678,16.8656
09357001,"Via Melo, 230",41.1192,16.8718
01199001,"Via dell'Olivo ang. Via Macchie-Palese",41.1489,16.7681
04034C00,"parco Adria (Capolinea)",41.0798,16.8333
02543101,"Via Val D'Aosta di fronte ex Cap.Linea 3",41.1184,16.788
02048103,"via C. Massa 2/A",41.1269,16.7853
08129005,"via Crispi ,2",41.1253,16.8605
02210101,"v.le Delle Regioni, di fronte distr.Fina",41.123,16.7976
04132101,"via Crispi Ist. Scolastico",41.0413,16.8473
08129102,"Via Crispi ,59",41.1244,16.8581
04513107,"Via Trisorio Liuzzi, civ. 71",41.0693,16.8626
05221003,"Lung. Di Cagno Abbrescia, ex GS",41.1113,16.9244
08493101,"Lung. Starita, CTO",41.1349,16.8443
01189001,"Via dei Narcisi, fronte civ.12",41.1602,16.7391
01142001,"Via  Duca D'Aosta, 31",41.1536,16.768
05078101,"via Carabellese ,di fronte 2",41.1082,16.9076
04451101,"Via Roccaporana, ang. Via dello Scoglio",41.0691,16.8581
02564001,"via Zippitelli , 5",41.1088,16.8224
05432002,"Via  Peucetia ,Chiesa San Francesco",41.1142,16.8898
01339003,"Via Macchie, 41",41.1461,16.7752
03168003,"viale De Laurentis ang. Via Carrante",41.0967,16.8644
09351002,"Piazza Massari di fronte Int. Di Finanza",41.1281,16.8652
02024104,"via B. Buozzi ,di fronte al 68/B",41.1121,16.8296
04320001,"P.le Loseto-Valenzano ang.Giacobelli",41.0412,16.8527
07429001,"Via Giandomenico Petroni, 39",41.1214,16.8791
04159106,"Via de Filippo, fronte 1/B",41.0754,16.8546
04525101,"Piazza Umberto ,16 Carbonara",41.0744,16.8698
04558001,"Via  Veneto ,178",41.0686,16.8701
09015102,"via A. da Bari ,Banca di Roma",41.1237,16.8687
02150103,"viale De Blasio ,23",41.1152,16.809
03168103,"via De Laurentis ang.Via Dioguardi",41.0966,16.8644
01069001,"Via Capitaneo , di fronte 32/d   Palese",41.1544,16.7612
08390101,"via Nicolai ,403",41.1205,16.8548
04550003,"via Veneto ,di fronte al 75",41.0585,16.8672
04034102,"Compl.OVEST via Bitritto-villa dei Cedri",41.0766,16.8314
04540103,"via Vaccarella ,di fronte al Mulino",41.0679,16.8656
08003002,"Via Adriatico, ang Lung. Starita",41.1375,16.8407
06249C00,"Via Fanelli ,Mad. Delle Grazie Cap.",41.0777,16.8855
03285111,"via G. Petroni ang. Lucarelli",41.094,16.8666
07381101,"lung. N.Sauro, fronte Forestale",41.1196,16.8879
04034101,"Compl. OVEST Via Bitritto-P.co Adria",41.0799,16.8342
03120102,"viale Concilio Vaticano II ,75",41.1022,16.8648
04232102,"Strada Donadonisi, ang. via Quaranta",41.0768,16.8581
01218101,"Via L. del Turco - fronte 2/A",41.1517,16.7568
03198101,"Via Dell'Andro ,40/1",41.0961,16.8562
06235102,"viale Einaudi ,14/A",41.102,16.8821
01378010,"Via Napoli accesso C direz. Bari",41.1461,16.7923
06195C01,"Viale della Resistenza, 76 Cap.",41.1054,16.8751
06531001,"Viale Unita' D'italia ,48",41.1146,16.8733
02141101,"via D'Alesio di fronte al C/1-B/1",41.1272,16.7867
07222103,"L.re Di Crollalanza, fr. Eroi del Mare",41.125,16.874
05450102,"via Rocca di fronte Ecopoli",41.0999,16.9037
08039101,"Via  B. Regina, 88",41.1262,16.8516
01339005,"Via Macchie ang. via Modugno",41.1499,16.7667
08378008,"Via  Napoli ,  316",41.1274,16.8458
03124001,"Via Cotugno-Palestra Angiulli",41.1076,16.8574
09369001,"Piazza  Moro ,F.S.",41.1181,16.8696
06009108,"via Amendola ,213 Ang. Pezze di Sole",41.0966,16.8905
03285104,"via Giulio Petroni, 71/D",41.1075,16.8677
04171C00,"Via De Marinis,9  (Capolinea)",41.0746,16.8702
08039102,"Via B.Regina ,138",41.1285,16.8514
05216106,"Strada detta Della Marina di f. al 86",41.0961,16.967
08039001,"via B. Regina, 75",41.1261,16.8516
02240005,"Viale Europa, difronte G. di Pace",41.1229,16.8017
08035001,"Via V. Bellini fronte civ.12",41.1301,16.8342
02363102,"Via Molise, Ist. Scolastico",41.1214,16.7966
02345001,"via Mario Pagano ,50",41.1209,16.8499
04157101,"via De Curtis ,36",41.0762,16.8564
06519101,"via Tupputi ,4",41.0937,16.8902
04456001,"Via  Roppo, 97 ",41.0673,16.8693
04513005,"via Trisorio Liuzzi, distr. Esso",41.0697,16.8625
05440101,"Via S. Quasimodo  di fornte al civ.13",41.1059,16.9193
04036102,"via Bitritto - Scuola Ippica",41.084,16.8357
01378003,"Via Napoli, 208",41.1649,16.7393
04162002,"Corso A. De Gasperi,342",41.0836,16.8691
04102002,"Via  Ceglie ,55",41.0543,16.8735
08378006,"Via  Napoli , 326",41.1279,16.8388
02360101,"via Miglionico ,16",41.1253,16.7969
05282106,"lung. A. Giovine ,lido Trullo",41.1071,16.935
05342101,"Via  Magna Grecia , 57",41.1124,16.8922
01388001,"via Nisio, 1/13",41.1528,16.7702
03270105,"via Gen. Bellomo di fronte Birra Peroni",41.0972,16.843
06223101,"Viale Di Vittorio, 37",41.1074,16.8767
01433001,"2^ Trav. via Pizzillo,10",41.1536,16.7818
01560003,"Corso Vittorio Emanuele  - ang. v. Modugno",41.15,16.7666
02200001,"Via Delle Margherite fronte Firest.Brema",41.1033,16.7961
03285105,"via G. Petroni, di fron Carcere Minorile",41.1062,16.8676
02174101,"via De Ribera 6",41.125,16.7915
04550004,"via Veneto ,62/B",41.0611,16.8666
10207004,"Via Delle Ortensie ang. dei Gerani-OM",41.1091,16.7736
05273103,"Via Gentile, 54/G",41.1059,16.9168
05097001,"Via Cav. Di Vitt. Veneto ,",41.1082,16.8956
05414103,"Via Papalia, lato civ 12",41.1065,16.9042
05258002,"Via Fontana Nuova, 6",41.0847,17.0055
08126103,"via Crisanzio ,163",41.1194,16.861
08378109,"Via Napoli ,Distributore ERG 365/C",41.1337,16.8198
02516003,"Via Troccoli, 6",41.1264,16.7832
02408101,"Via Mazzoni ,ang. Ciusa",41.1268,16.8024
04513004,"via Trisorio Liuzzi ,Rist. Rosa Blu",41.0665,16.8625
08378105,"Via Napoli , 349/e",41.1279,16.8386
05221001,"Lung. Di Cagno Abbrescia, Cas. Recchia",41.1138,16.9107
05063005,"Via Caldarola fronte 12/B",41.1165,16.8834
03237103,"V.le Ennio ang. p.zza G. Cesare",41.1127,16.8622
01233001,"Viale Europa P.co dei Principi",41.1332,16.7791
01310101,"Prol. Via della Lealtà - scuola materna",41.146,16.7373
06195001,"V.le Della Resistenza ,Distributore Fina",41.1016,16.8761
06162004,"Corso A. De Gasperi, 312",41.0943,16.8705
06211102,"Viale della Repubblica. fronte civ. 16/c",41.1122,16.8736
06211103,"Viale della Repubblica, fronte 58/b",41.1106,16.8738
01384102,"Via Nazionale , Ponte Tangenziale",41.1531,16.7739
04219001,"via Di Cillo, Supermercato",41.0735,16.8588
08084101,"Via Caracciolo ,30/A",41.1313,16.8445
06045101,"via Conte G. Giusso ,3",41.0939,16.8893
05021005,"Via  Archimede, Palaflorio",41.1019,16.908
08378002,"Via  Napoli, Caserma GdF",41.1338,16.8193
03168001,"via De Laurentis ,angolo Lucarelli",41.0935,16.8642
02002103,"via Accolti Gil, di fronte Carrefour",41.1192,16.8056
06186001,"via Dei Mille ,114",41.1155,16.8774
05273102,"Via Gentile ,difronte 63",41.1044,16.9209
03328102,"Via Matarrese Fac. Econ. Comm.",41.0962,16.8545
04513003,"via Trisorio Liuzzi, 62",41.0648,16.8612
06162103,"Corso Alcide De Gasperi ,Bar Margherita",41.1021,16.8715
09556002,"C.so Vitt. Emanuele,ang. via Melo",41.1261,16.8709
10183101,"Via dei Gerani Partner Spa ",41.1102,16.7848
06235002,"viale Einaudi ,11",41.1007,16.8742
07090001,"Via Carulli ,DI FRONTE AL 96",41.1202,16.8761
02240004,"V.le Europa ang. Pacifico Mazzoni",41.1249,16.7985
02255001,"via Ferorelli ,CEDI",41.1101,16.8077
02240102,"Viale Europa ,Liquigas",41.1226,16.8346
05300001,"via La Pira ,di fronte civ. 2",41.1007,16.9007
01143002,"Via D'Annunzio Ingr. Aereoport. Militare",41.1402,16.7786
10205105,"via Delle Magnolie, SERONO",41.1094,16.762
07511001,"Corso Trieste, 27 Procura",41.1172,16.8936
01379001,"Via Paul Harris, civ. 5",41.1674,16.7307
04036001,"via Bitritto di fronte P.co Adria",41.0805,16.8347
01070101,"Piazza Capitaneo, 38",41.1518,16.7596
05027102,"Via Bari, 21",41.0856,16.9969
03232101,"Via Don L. Guanella fronte SigmaSistemi",41.0947,16.8618
04528104,"Corso Umberto 1° ,Circolo Prater",41.0592,16.8696
02057006,"Via Cacudi ang. Via D'Alesio",41.1265,16.7871
01087003,"Viale Caravella fronte civ. 15",41.1594,16.7375
01387003,"Via Nicholas Green",41.1547,16.7405
01310102,"Via della Lealta'",41.1512,16.7368
01353001,"Via Iqbal Masih Scuola",41.1494,16.7387
01353102,"Via Iqbal Masih",41.1511,16.7391
03478104,"Strada San Girolamo fronte civ.8",41.1359,16.8225
03478105,"Strada San Girolamo fronte 30/A",41.1363,16.8199
03478106,"Strada San Girolamo ang. Tomasicchio",41.137,16.8158
06275001,"Via G.ppe Giannini (rotatoria)",41.0906,16.887
01310002,"Via della Lealtà ang. Via Ancona",41.1513,16.7368
01011103,"Via Gregorio Ancona ang. Iqbal Masih",41.1516,16.7389
01387102,"Via Nicholas Green 2/A",41.1548,16.7405
01075102,"Via Giuseppe Capruzzi fronte civ. 166",41.117,16.8701
03033001,"Viale  Bartolo ,Ist. G. Cesare",41.0957,16.8575
01011102,"Via G.Ancona di fronte Coop.Arcobaleno",41.1514,16.7362
05221101,"Lung Di Cagno Abbrescia, di fronte al 27",41.1092,16.9313
09099101,"Corso Cavour ang. Via Piccinni",41.125,16.8721
05117004,"Via Complanare Ovest, Campi Calcetto",41.0827,17.0083
01384001,"Via Nazionale di fronte ASL",41.1581,16.7637
05216002,"strada detta Della Marina ,86",41.0959,16.9713
02304C00,"via Arg.Lamasinata Staz.FF.SS(Capolinea)",41.1279,16.8264
10072001,"Str.Caposcardicchio ,di fronte Ospedale",41.1191,16.7834
08454102,"Via Pasquale Romito fr civ. 7",41.138,16.8106
03476101,"Via G. Sangiorgi civ. 1",41.1144,16.852
03279103,"viale Giovanni XXIII ,145",41.1071,16.8643
03348001,"Via L. King ,di fronte 89 (Edicola)",41.1006,16.8591
02057002,"via Cacudi ,Ist. Scolastico",41.1291,16.7942
08478002,"Strada  S. Girolamo, difronte al mercato",41.1364,16.8196
07381103,"lung. N.Sauro, fronte Pres. Reg. Puglia",41.1213,16.8827
03237101,"Viale Ennio, difronte al Civ. 4",41.1163,16.8626
05282103,"lung. A. Giovine ,di fronte al 51",41.1025,16.9463
02030102,"Via Barisano da trani, ang via Granieri",41.1258,16.7921
01135C00,"Lung. C. Colombo-Lido Lucc.(Cap.)",41.1692,16.7324
02206002,"Via delle Mimose Agrilevante",41.1085,16.7888
06249106,"via Fanelli ,Green Park",41.0915,16.8836
07381002,"Lung N. Sauro ,  INPS",41.1205,16.8851
05477101,"strada S. Giorgio, 46",41.0957,16.962
09146103,"Bari, Via Dante Alighieri",41.122,16.8694
07099004,"Bari, Corso Cavour 41",41.1227,16.8726
01378108,"via Napoli 207",41.1642,16.7428
09435001,"Via  Piccinni, 90",41.1253,16.8682
04253001,"Contrada Ferrigni",41.0741,16.8567
06244102,"Via Falcone e Borsellino, 63",41.0966,16.8736
10205003,"via Delle Magnolie, di fronte Serono",41.1094,16.7618
05114102,"Via Complanare  Est, Telecom",41.0972,16.9393
01069101,"Via Capitaneo, 50",41.1581,16.7622
02319001,"Via Lonero ,8",41.13,16.8011
05021104,"via Archimede,di fronte ex cap.linea 2",41.1038,16.9032
08003101,"Via Adriatico ,13",41.1367,16.8432
05318002,"Via Loiacono - Case Popolari",41.1074,16.9123
01339105,"Via Macchie-Rotatoria Staz.BARI/NORD",41.1492,16.7688
01322101,"Via Antonio Lozupone",41.1454,16.7386
01455102,"Via Vito Rosa ang 4^ str Torricella",41.1449,16.7394
05440002,"Via S.Quasimodo,Chiesa Avventistica(cap)",41.1065,16.9206
02024103,"via B. Buozzi, di fronte Multicar",41.1156,16.8354
02048105,"via C. Massa, Mercato",41.1289,16.7823
02355001,"via Melisurgo ,OSA",41.1059,16.8065
03237C00,"Viale Ennio, ang p.zza G. Cesare Pol",41.1134,16.8615
10207002,"via   Delle Ortensie ,di fronte Osram",41.1058,16.7762
03270103,"Viagen.Bellomo,93/A fronte Chiesa S.Fara",41.1012,16.8478
08561003,"Corso Vitt. Veneto , Ist. D'Arte",41.1281,16.8574
03285102,"Via G. Petroni, 41/D",41.1126,16.8685
10205101,"via   Delle Magnolie ,MCTC",41.1101,16.7717
02240011,"Viale Europa, angolo B. Buozzi",41.1183,16.8395
02234004,"Via Don Gnocchi, 12",41.1291,16.786
06249107,"via Fanelli - distr. Serv. AGIP",41.0879,16.8845
04162105,"Corso Alcide De Gasperi, 515",41.0813,16.8693
08294C00,"Lung. IX Maggio ,Capolinea",41.14,16.8097
08126104,"via Crisanzio, ex Manifattura Civ 183/A",41.1192,16.8585
06330002,"Via M. C. di Savoia, 49",41.1143,16.878
05282101,"Lung. A. Giovine, 76/B",41.0973,16.9562
04232001,"Strada Donadonisi, 53 ang. via Quaranta",41.0767,16.858
02206001,"Via delle Mimose Amenduni",41.1033,16.7895
02246101,"via F.lli Philiphs ,BCE Sud",41.1131,16.8057
03168105,"via De Laurentis ,angolo Lucarelli",41.0934,16.8641
01560001,"Corso Vittorio Emanuele, 87/C",41.1507,16.7631
03420101,"Via Pasubio ,157",41.1105,16.8674
05027001,"Via Bari, 24",41.0863,16.9919
08129103,"Via Crispi ,di fronte Tribunale",41.1236,16.856
08546002,"Via Van Westerhouth,di fronte al civ. 48",41.1365,16.8263
10205102,"via Delle Magnolie, di fronte CMPT ",41.1098,16.7698
06519002,"Via Ottavio Tapputi - Provvisoria",41.092,16.89
04303002,"via Lama Del Duca ,2/A",41.0735,16.8552
02103101,"Via Ciusa ,5",41.1282,16.802
05282003,"lung A. Giovine, 45",41.1042,16.9422
05221102,"Lung Di Cagno Abbrescia di fronte ex GS",41.1113,16.9241
05216105,"Strada detta Della Marina ,di f. al 72/D",41.0959,16.971
03393002,"viale O, Flacco, 4/A",41.1106,16.8618
04528002,"Via  Umberto 1° ,ex capolinea filobus",41.0589,16.8696
05282104,"lung. A. Giovine ,di fronte al 45",41.104,16.9426
03433102,"Bari, Int. Policlinico fr Pronto Socc.",41.1128,16.8613
03433C00,"Bari, Interno Policlinico Polipark",41.11,16.8565
03433103,"Interno Policlinico Banca del Sangue",41.1103,16.8596
06293001,"Via Samuel F. Hahnemann - Provvisoria",41.0979,16.889
06293002,"Bari, Via Samuel F. Hahnemann ",41.0984,16.8864
06509102,"Bari, Via Nicola Tridente 26",41.1014,16.8847
08039C00,"Via B. Regina ang. Lung. Vitt. Veneto",41.1291,16.8513
05063105,"Bari, Via Caldarola 30 Chiesa",41.1089,16.893
06249001,"via Fanelli ,228/n",41.0834,16.8866
05016001,"via Apulia ,angolo Japigia",41.1164,16.8882
01087001,"V.le Caravella fronte civ.11",41.1596,16.7375
08156101,"Via  De Cristoforis ,    TAMOIL      ",41.1237,16.8563
02200101,"Via delle Margherite Ingr.Sec.Off.Calabr",41.1045,16.8122
05282006,"lung A. Giovine, 79",41.0975,16.9561
02024007,"via B. Buozzi ,28/C",41.118,16.8412
02002001,"viale Accolti Gil ,Carrefour",41.1192,16.8057
03417101,"Viale Pasteur Clinica La Madonnina",41.1137,16.8528
02103001,"Via Ciusa ,4",41.1282,16.802
05474001,"via Salapia ,2/D",41.1093,16.8942
02057003,"Via Cacudi, ang. Via De Ribera",41.1271,16.7894
02355101,"via Melisurgo ,di fronte OSA",41.1059,16.8067
04066001,"Via Canestrelle di fronte civ.10",41.087,16.8444
06211002,"Viale  Della Repubblica ,58/b",41.11,16.8739
07324101,"Piazza L. di Savoia, 7",41.1197,16.8739
01378104,"via Napoli 19",41.1609,16.7557
01226001,"Via  Diaz  ,38 ex  Cinema",41.1534,16.7656
08229101,"Via  Di Maratona  ,14",41.13,16.8377
05450001,"Via  Rocca ,Ecopoli",41.1,16.9037
04462101,"Str.prov.Carb.-Modugno-Stadio S.Nicola",41.0872,16.8399
08039103,"Via Brigata Regina fronte Scuola",41.1236,16.8518
08039003,"Via B. Regina (Scuola Elementare)",41.1237,16.8518
02494001,"Via V. Stifano, 18",41.1255,16.788
02494002,"Via V. Stifano, 8",41.1258,16.7892
02494101,"Via V. Stifano, fronte civ 8",41.1258,16.7892
02494102,"Via V. Stifano, fronte civ 18",41.1255,16.788
05114107,"Via Complanare est, Casa Cant. Anas",41.0828,17.015
02030002,"Via Barisano da trani, ang. Via Giaquinto",41.1252,16.7924
02174004,"Via De Ribera, Polifunzionale P.S.",41.1261,16.792
01452101,"Via del rispetto fronte civ 27/1",41.1473,16.7343
01250001,"Via della felicità (Mercato)",41.1468,16.7364
